Startseite,P02,P09,P14
Startseite,P02,P19,Karriere,P12,P21,P25,P26,P14
Startseite,P01,FAQ,Über uns,Kontakt,P10
Startseite,P02,Kontakt,Blog,P19,P16,P19,Über uns,Karriere,P25
Startseite,P01,FAQ,Karriere,P07,P11,P15
Startseite,Blog,P27
Startseite,Blog,Kontakt,Support,P13
Startseite,P29,P25,P20,P08,P27
Startseite,Support,P07,P10,Kontakt,P03,Impressum,P04,Karriere,P05,P23,P26,Datenschutz,Impressum,Über uns,Impressum,P28,P15
Startseite,FAQ,Support,Impressum,Über uns,Kontakt,P11,P10,Blog,P04,Blog,P22,P18,P08,P10,Blog,P02,P16,P13,P25
Startseite,Blog,P14
Startseite,P02,Über uns,P21,P05,P12,P08,P13,P16,P07
Startseite,Support,P23,P24,FAQ,P01,P05,P22,Über uns,Kontakt
Startseite,P12,P07,P19,P20,P18,P25,P16,P26,P27
Startseite,FAQ,P14
Startseite,FAQ,Kontakt,FAQ,P01,Über uns,Karriere,P08,P13,P03,P02,P28
Startseite,P01,P12,P04,Datenschutz,Impressum,Datenschutz,P10,P13,P25,Blog,FAQ,P14
Startseite,P03,P02,Karriere,P23,P26,Support,Datenschutz,FAQ,Datenschutz,Impressum,P14
Startseite,Blog,P04,Über uns,Kontakt,P06,Karriere,P24,Karriere
Startseite,P01,P25,Support,P06,P26,P14
Startseite,P24,P02,P25,P12,Über uns,Kontakt,P19,P21,P08,P18,FAQ
Startseite,P01,P04,P05,P07,P14
Startseite,P02,P17,P20
Startseite,P02,P04,P24,P22,FAQ,Über uns,Impressum,Kontakt,P01,P22,P29,P06,P29,P21
Startseite,P02,P10,P27
Startseite,FAQ,P14
Startseite,P06,P23
Startseite,Datenschutz,Impressum,P26,Karriere,P06,P29,P27
Startseite,Blog,P02,P03,Support,P13,P22
Startseite,Support,Über uns,Datenschutz,Impressum,P03,P02,Kontakt,Über uns,Datenschutz,P18,P28
Startseite,Blog,Kontakt,Impressum,P15
Startseite,P01,P17,P10,Blog,Karriere,Support,P11,Impressum,Datenschutz,Kontakt,P25,P23,Über uns,Impressum,P18
Startseite,Karriere,P02,P16,P29,P19,Kontakt,P07,P26,P21,P08,P19,Über uns,Support,Blog,P27
Startseite,P20,P10,Karriere,P12,P18,Support,Datenschutz,P17,Über uns,Karriere,P28,Kontakt,FAQ,P14
Startseite,P02,P08,P24,P26,P05,P21,P28,P09,Datenschutz,Impressum,Kontakt,FAQ
Startseite,P02,P05,P25,P26,P21,P10,P22,P20,P13,P03,P24,P18,P09,P14
Startseite,Blog,Impressum,Über uns,P13,P04,FAQ,P10,P27
Startseite,P02,P22,P01,P29,P23,P19,P20,P07,P04,P25
Startseite,P12,P20,P18,Impressum
Startseite,Datenschutz,Über uns,Blog,P04,P25,P17,P08,P26,P13,P11,Support,FAQ,P01,Impressum,Kontakt,P24,P11,P17,P23,P19,P08,Karriere,Datenschutz
Startseite,P03,P08,P04,Support,P14
Startseite,Blog,Datenschutz,P10,Blog,P13,P01,P22,P07,P23,P24,P16,P15,P01,P23,P27
Startseite,P02,P28,P24,Datenschutz,Impressum,Über uns,Kontakt,P23,P06,P29,P15
Startseite,P02,Karriere,P21,P28,P01,P28,Datenschutz,Impressum,Datenschutz,P10,P13
Startseite,Über uns
Startseite,Datenschutz,Impressum,Karriere,P16,Impressum,Kontakt,P19,P03,FAQ,P14
Startseite,Blog,Karriere,Kontakt,FAQ,P05,P06,P08,P13,Datenschutz,P10,Support,P18,P03,Über uns,Impressum,P21,P20,P16
Startseite,FAQ,P25,P02,P03,P23,Über uns,Blog,P18,Impressum,P24,P01,Karriere,Support,P13,P05,P15
Startseite,Blog,P08,Support,Impressum,Kontakt,P29,P10,P16
Startseite,P12,P27
Startseite,Impressum,Kontakt,Über uns,P02,P23,Support,P07,FAQ,P14
Startseite,Support,P03,P22,P19,Datenschutz,Impressum,Über uns,Karriere,P23,P09,P16,P18,P28,P25
Startseite,P16,P23,Blog,Datenschutz,Karriere,P10
Startseite,Blog,P04,Kontakt,P06,P18,P27
Startseite,FAQ,P07,P01,P27
Startseite,P01,P12,P14
Startseite,P14
Startseite,Blog,P19,P26,FAQ,P14
Startseite,P01,P02,P05,P28,P12,P23,Impressum
Startseite,Blog,Karriere,P13,P06,Impressum,P23,Support
Startseite,P08,P16,P20,P24
Startseite,P02,Impressum,Über uns,Kontakt,P09
Startseite,Blog,FAQ,P01,P04,Kontakt,Datenschutz,P10
Startseite,P01,P14
Startseite,Support,P11,P29,P18,Impressum,Über uns,P23,P06,P01,P08,P28,Impressum,Über uns,Kontakt,P27
Startseite,P01,Impressum,Über uns,P20,P04,P19,P08,P11,P02,P07,Support,Karriere
Startseite,Blog,P01,P22,P24,P11,P28,FAQ,P14
Startseite,P01,P04,Kontakt,Datenschutz,P10,Support,P08,P18,Über uns,FAQ,P14
Startseite,Karriere,Blog,P12,P27
Startseite,FAQ,P20,Über uns,Karriere,P09,Impressum,FAQ,Support,P06
Startseite,Blog,Kontakt,Karriere,P14
Startseite,P01,P07,Datenschutz,P19,P20,P04,Kontakt,P22,P21,P28,P29,Support,P20,Karriere,Impressum,Kontakt,FAQ,P01
Startseite,P12,Karriere,Kontakt,Support,Kontakt,P25,P22,P23,P01,P02,P27
Startseite,P01,P17,P28,P08,Blog,P11,Datenschutz,Karriere,Kontakt,Support
Startseite,Über uns,Karriere,P05,P25,P03,Karriere,P08,P26,P12,Datenschutz,Impressum,Blog,P27
Startseite,P02,P05,Karriere,Datenschutz,Über uns,Kontakt,P25,P08,P09,Impressum,Kontakt,P19,P27
Startseite,Karriere,Kontakt,P11,P23,P03,Über uns,Support,Impressum,Datenschutz,Kontakt,P05,P19,P20,Impressum,Über uns,P04,P26
Startseite,P01,Kontakt,P16,P17,Impressum,FAQ,Karriere,P24,P19,P14
Startseite,P24,P27
Startseite,P24,P02,P19,P16,P06,P25,Datenschutz,Support,Impressum,Kontakt,Über uns,Karriere,P14
Startseite,P02,Datenschutz,Impressum,Kontakt,P12,P16,P21,P18,P29,FAQ,P01,P22,P11
Startseite,P01,P04,Kontakt,P21,P22,P27
Startseite,Support,P15
Startseite,P01,P15
Startseite,P02,P10,P08,P28,Blog,P01,P16,P26,P12,Datenschutz,P11,Karriere,Über uns,Karriere,P22
Startseite,Support,Impressum,Kontakt,Support,P20,P14
Startseite,FAQ,P29,P10,P03,P13
Startseite,P01,P25,Datenschutz,Kontakt,P05,P13,P19,Über uns,Karriere,P24,P21,P20,P09,FAQ,P14
Startseite,Blog,P04,Support,P04,Support,Kontakt,FAQ,Über uns,Karriere,P16,P24,P29,P23,Blog,P27
Startseite,P14
Startseite,Blog,P02,P23,P13,P22,P21,P27,P28,P08,P24,Über uns,Kontakt,Support,P15
Startseite,Impressum,Über uns,Karriere,P22,P14
Startseite,P02,P03,P15
Startseite,P02,P03,P13,P05,P25,P27,P18,Support,Über uns,Karriere,Datenschutz
Startseite,P24,P10,Blog,P26,Support,P15
Startseite,Support,P16,Kontakt,P21,P06,P22,P11,P23,P13,Über uns
Startseite,P01,P08,Blog,P02
Startseite,Blog,P01,Über uns,P19,P09,Impressum,Kontakt,Impressum,P04,Kontakt,Karriere,P22,P20,P16,P05,P18
Startseite,Blog,P01,P07,Support
Startseite,Impressum,Über uns,P27
Startseite,P02,P07,P27
Startseite,Blog,Karriere,P05,P26,Support,P17,P13,P10,P28,P13,P14
Startseite,Blog,P01,P03,P29,Datenschutz,P23,P15
Startseite,Karriere,P06,Blog,P27
Startseite,P02,Über uns,Kontakt,Über uns,Karriere
Startseite,P02,P18,P06,P04,P09,Blog,P02,P05,FAQ,P01,Impressum,Support
Startseite,P02,Datenschutz,P25,P18,Über uns,P12,P11,Über uns,Karriere,FAQ,Impressum,Kontakt,Support
Startseite,P01
Startseite,P07,P17,P26,P22,P04,Support,P03,P09,P13,Kontakt,P23,Karriere,P27
Startseite,P02,Über uns,Karriere,P22,P12,P08,Impressum,P02,Über uns,Karriere,P14
Startseite,P02,FAQ,P01,P08,P23,P09,P11,P03,Datenschutz,P27
Startseite,Kontakt,Impressum,Über uns,Kontakt,P22,P13,P05,P23,Datenschutz
Startseite,P01,P16,Support,P27
Startseite,P02,P01,Karriere,P19,P08,Impressum,Über uns,Kontakt,P16
Startseite,P02,Kontakt,P13,P29,P06,P26,P14
Startseite,P02,FAQ,Impressum,Support,Über uns,P16,P10,Blog,Datenschutz
Startseite,Blog,Karriere,Datenschutz,P10,P27,P07,P08,P23,P08,P04,P17,Über uns,Kontakt
Startseite,P01,Support,Blog,P03,P13,P06,P25,P20,FAQ,Kontakt,Über uns,Karriere,Support,P20,P27
Startseite,P19,P10,P11,P07,P09
Startseite,P01,P29,P25,Datenschutz,Karriere,P28,P13,P02,P03,P18,P07,P03,P20
Startseite,P02,P14
Startseite,P22,P29,P24,P26,P01,P04,Support,Karriere,Kontakt,Blog,Impressum,FAQ,P01,Datenschutz
Startseite,P02
Startseite,P18,P24,P14
Startseite,P01,P27
Startseite,P01,Datenschutz,Impressum,Kontakt,P04,Kontakt,P14
Startseite,Karriere,P15,P13,P03,FAQ,P25
Startseite,P02,P27
Startseite,P23,P25,P08,FAQ,Karriere,Kontakt,Support,P09,Impressum,Kontakt,Datenschutz,P27
Startseite,Blog,P01,FAQ,P14
Startseite,Impressum,Über uns,Support,FAQ,P14
Startseite,Blog,Support,P18,P19,P21,P24,P13,P27,FAQ,P04
Startseite,Blog,P01,Über uns,Kontakt,P08,P09,P27
Startseite,P21,P18,P23,P11,P02,P08,P14
Startseite,P10,P27
Startseite,Impressum,Kontakt,FAQ,P14
Startseite,P04,P01,P07,P02,P06,Impressum,P11,P05,P15
Startseite,Blog,Impressum,P13,P10,P19
Startseite,P02,Support,FAQ,P28,Über uns,Karriere,P06,Kontakt,Datenschutz,P03
Startseite,P21,P15
Startseite,P13,Über uns,Kontakt,Karriere,P17,P18,P01,P29,P14
Startseite,P02,P10,P27
Startseite,P02,P19,P10,Blog,P27
Startseite,P19,P04,Karriere,Kontakt,P19,Blog,P02,P25,P01,Über uns,P23,Support,P16,P27
Startseite,Blog,Support,P29,Über uns,Kontakt,P20,P04,P11,P17,P09,P27
Startseite,P01,P05,P06,P10,Impressum,Kontakt,Support,P15
Startseite,P06,P26,P20,P27
Startseite,Blog,FAQ,P14
Startseite,P01,Datenschutz,Impressum,Über uns,Karriere,P24,P28,P20,P09,P08
Startseite,Impressum,P20,Datenschutz,P23
Startseite,Support,P15
Startseite,Impressum,Support,Kontakt,P07
Startseite,Blog,P01,P20,P08,P07,P06,P08,P26,P11,P10,P27
Startseite,P02,Karriere,P20,P01,P03,P10,Blog,FAQ,Impressum,Kontakt,Impressum,P09,P10,P08,P03,P15
Startseite,P19,P13,P23,P07,P17,P05,P19,Über uns,Support
Startseite,Datenschutz,P10,FAQ
Startseite,P01,P20,P10,P27
Startseite,P07,P20,Impressum,Datenschutz,Support,Blog,P15,P03,Kontakt,P18,P26,P08,Blog,P04
Startseite,Blog,P01,Kontakt,Impressum,Support,P09
Startseite,Blog,P02,P13,FAQ,P14
Startseite,P01,P27
Startseite,Impressum,P11,P07,Karriere,P26,P18,P02,P10,P27
Startseite,P27
Startseite,P12,P28,P07,P25,P08,Support,FAQ,P01,FAQ,P19,P02
Startseite,P16,P21,P13,P08,P19,P10,P01,P27
Startseite,P15
Startseite,P15
Startseite,Blog,P27
Startseite,Datenschutz,Impressum,P18,P02
Startseite,Blog,Impressum,Kontakt,P29,Blog,P04,Über uns,Karriere,FAQ
Startseite,FAQ,P08,P13,P29,P04,Kontakt,Impressum,Über uns,Kontakt,P27
Startseite,P20,Support,P14
Startseite,P02,P07,Kontakt,Über uns,Karriere,P24,P27
Startseite,P21,P04,P23,Impressum,Über uns
Startseite,Blog,P02,Impressum,Über uns,Impressum,Kontakt,FAQ,P01,Support,Impressum,Über uns,P11
Startseite,P02,Impressum,Kontakt
Startseite,Blog,P01,P13,P11,P28
Startseite,P23,P02,P10,Blog,Datenschutz,Impressum,Blog,P15
Startseite,Datenschutz,Impressum,Kontakt,Über uns,Karriere,Datenschutz,P10,P27
Startseite,P01,Datenschutz,Impressum,Kontakt,Karriere,P12,P07,P15
Startseite,P01,P12,Datenschutz,P28,Blog,P04,Support,P20,Karriere
Startseite,Über uns,Karriere,FAQ,P01,P29,P24,P06,P12,P07
Startseite,P26,P21,P05,P16,FAQ,P26,P19,P07,P22,P18,P13,Datenschutz,Impressum,Kontakt,Blog
Startseite,Blog,Über uns,Kontakt,FAQ,P14
Startseite,P21,P10,P07,P26,Kontakt,Über uns,Karriere,FAQ,P16,P02,P19
Startseite,P01,P25,P21,P16,P02
Startseite,Über uns,P14
Startseite,P02,P25,P06,Blog,P02
Startseite,P02,Datenschutz,P10,P27,P25,P05,Über uns,P24,P28,P27
Startseite,Impressum,Über uns,Karriere,Datenschutz,Support
Startseite,Blog
Startseite,P15
Startseite,Blog,P19,Karriere,P23,P17,Über uns,P28,P07,P20,Support,P03,Impressum,Über uns
Startseite,P24,Datenschutz,Über uns,Karriere,Blog,P01,P27
Startseite,Datenschutz,P28,P22,P05,P15
Startseite,Blog,P19,P23,P11,P07,P25,Kontakt,P09,Karriere,P08,P17,P12,P13
Startseite,Kontakt,P28,Blog,P27
Startseite,FAQ,Über uns,Impressum,Kontakt,P14
Startseite,P01,Karriere,Support,P10,P27
Startseite,Support,Datenschutz,P13,Über uns,Kontakt,FAQ,P24,P26,P05,P19,P01,P25,P15
Startseite,P01,P12,P11,P02,Impressum,Blog,P05,P06,P21
Startseite,P14,P22,P17
Startseite,P02,P08,P09,P06,P16
Startseite,P01,P08,Support,P29,Kontakt,Karriere,P25,Impressum,P16,P07,Karriere,Blog,Kontakt,P06,Impressum,P18,P11,P28
Startseite,P11,P25,P22,P26,FAQ,P09,P03,Karriere,P13,P09,P12
Startseite,Blog,P04,Support,P21,P07,P26,P21,Über uns,FAQ,P14
Startseite,P01,P09,P22,P23,P07,Kontakt,Über uns,Support,P28,P10,P03,P01,P02,Blog,Impressum,P19
Startseite,Karriere,Impressum,Über uns,Karriere,P29
Startseite,P01,P17,Blog,P01,P04,Support,Karriere,Über uns,Karriere,FAQ,P14
Startseite,P25,P09,P07,Kontakt,Impressum,Über uns,Kontakt
Startseite,P23,P22,P14
Startseite,Blog,P02,P26,P10,P27
Startseite,P17,P02,P22,P16,P08,Kontakt,P25,P10,Blog,P27
Startseite,Datenschutz,Impressum,Über uns,Kontakt,Blog,P01,P25,P27
Startseite,P02,Support,FAQ,P11,P17,Über uns,Karriere,P26
Startseite,FAQ,P06,P10,P13,P03,P16,P24,P27
Startseite,Kontakt,P20,Impressum,P23,P07,P13,P04,Support,Über uns,Datenschutz,P02,P26,P22,P14
Startseite,P21,Karriere,P28
Startseite,P07,P04,Support,P28,P24,P21,P08,P16,P03,Karriere,P19,P22,P01,P07,Datenschutz,P10,P27
Startseite,Blog,P16,Kontakt,P07,P22,P28,P29,P06,Impressum,Über uns,Datenschutz,P24,P08,P19,P12
Startseite,P09,FAQ,P01,P17,P20,P25,Support
Startseite,P07,P28,P19,P11,P18,P28,P02,Impressum,Über uns
Startseite,P29,P14
Startseite,P01,Blog,P01,Über uns,P29,Kontakt,P07,P05,P21,Support,P14,P02,FAQ,Karriere,P20,P28,P22,P15
Startseite,P01,P05,P04,P14
Startseite,P01,P25,FAQ,P14
Startseite,P02,Support,Datenschutz,Impressum,Über uns,Kontakt,P23,P05,P04,Kontakt,P11,P24,P29,P03,P19,P07,P09,P13,P20,P21,P15
Startseite,P21,P15
Startseite,Blog,Datenschutz,Über uns,Blog,P11,P06
Startseite,P09,P29,P07,P25,Über uns,Karriere,FAQ
Startseite,P01,P27
Startseite,Support,P19,P03,P28,P08,P20,P26,Impressum,Über uns,Kontakt,Datenschutz,P09,P25,P11,P01,P02,Über uns,Karriere,P05,P17,P10,P27
Startseite,P07,Kontakt,Impressum,Kontakt,P29,P16,P09,P04
Startseite,P01,P20,P24,Impressum,P22,Kontakt,FAQ,P01,P11,Über uns,Kontakt,Datenschutz,P14
Startseite,P16,P25,P11,Blog,P27
Startseite,P09,P28,P19,P29,P07,P01,P24,P13,P01,P06,P26,P03,FAQ,P12,P17,P10,P04,Karriere,Blog,Support,Über uns,Support,P20,P19
Startseite,Blog,P01,P14
Startseite,P05,P12,Über uns,Kontakt,Support,Impressum,Kontakt
Startseite,P25,Datenschutz,Support,P04,P17,P03,P13,P04,Kontakt,Blog,Karriere,FAQ
Startseite,P20,P22,P10,Blog,FAQ,P01
Startseite,Karriere,Kontakt,P09,P24,P28,P04,Support
Startseite,P19,P13,Über uns,Karriere,P07,Datenschutz,Impressum,Kontakt,P17,P16,P08,P05,P20,P04,Support,P21,P01,P11,FAQ,P14
Startseite,P09,P23,P10,P27
Startseite,P02,P25,P26,P22,Datenschutz,Impressum,Über uns,P29,P07,Impressum,P11,P28,P04,Kontakt,P28,P06
Startseite,P08,P28,P14
Startseite,Blog,P17,P29,P03,P08,P01,P07,P28,P27
Startseite,P01,P20,P02,P21,P13
Startseite,P02,P19,P29,P22,P11,P12,P23,P18,P09,P12,P01,P16,FAQ,P14
Startseite,P19,P21,Impressum,Über uns,P15
Startseite,P01,P24,P03
Startseite,Blog,P21,P04,Support,Impressum,Kontakt,P24,P19,P10,P27
Startseite,Support,P11,P09,P21,Impressum,Kontakt,Blog,P27
Startseite,Karriere,P01,P06,P05,P14
Startseite,P02,P24,P26,P20,P11,Datenschutz,Impressum,Über uns,FAQ,P14
Startseite,Blog,P01,P23,P14
Startseite,P01,P23,Kontakt,P28,Support,P15,Impressum,P11,Datenschutz
Startseite,P01,P19,P14
Startseite,Support,P19,FAQ,P01,P21,P05,Kontakt,Über uns
Startseite,P02,P07,Datenschutz,P25,Blog,Karriere,P16,P11,P04,Kontakt,P27
Startseite,Blog,P01,P05,P16,FAQ,P01,Über uns,P15
Startseite,Blog,P01,P02,P23,P16,P08,P02,Datenschutz,P10,P27
Startseite,P02,Kontakt,P22,P07,P27
Startseite,Blog,P02,P18,P04,Über uns,Kontakt,P09,P12,Karriere,P10,Blog,P01,P08,P14
Startseite,P02,P03,Blog,P10,P27
Startseite,P02,P06,P17,Support,Über uns,Kontakt,Support,P16,P21
Startseite,P02,P05,Karriere,FAQ,Karriere,Kontakt,Support,Blog,P27
Startseite,P07,P28,Support
Startseite,P07,P01
Startseite,Blog,P04,Kontakt,Impressum,Kontakt,P18,P27,P22,Über uns,Karriere,P07,P26,P25
Startseite,P17,P06,P20,Kontakt,P04,Support,P09,P22,Impressum,Über uns
Startseite,Blog,P02,P28,P18,FAQ,P16
Startseite,P12,P01,Impressum
Startseite,Kontakt,Datenschutz,Kontakt,P17,P22,Support,P03,P16,P08,Karriere,Datenschutz,Impressum,Über uns,P18,Kontakt,Support,P23,P01,P14
Startseite,Datenschutz,P10,Blog,P04,Kontakt,P16,P12,FAQ,P14,P22,P15
Startseite,Impressum,P05,P07,P16,P07,P26,P06,P01,P24,P20,P11,P26,Support
Startseite,Blog,P06,P09,Kontakt
Startseite,P01,P29,P09,P07,P06,P12,P27
Startseite,Blog,P10,P27
Startseite,P01,P12,P28,Blog,P26,P24,P14
Startseite,P03,P19,Support,Kontakt,FAQ,P01,Kontakt,P05,P08,P02,P14
Startseite,P06
Startseite,Support,P23,FAQ,P15
Startseite,P11,P25,P15
Startseite,Impressum,Über uns,Karriere,P21,P02,P22,P05,P26
Startseite,P01,Support,P07,FAQ,P26
Startseite,FAQ,P01,Datenschutz,Impressum
Startseite,P06,P25,P20,P12,P16,P12,P08,P17,P13,Support,P28,P21,P27
Startseite,Blog,P04,Kontakt,P29,P26,P05,P18,P08,Support,P25
Startseite,P29
Startseite,P27
Startseite,Blog,P04,P29,P06,Support,P21,P18,P19,P05,P07,Impressum,Kontakt,P07
Startseite,P15
Startseite,P01,P24,P02,P22,P28,P20,FAQ,P14
Startseite,P01,P15
Startseite,Karriere,Support,P01,P14
Startseite,FAQ,P14
Startseite,Blog,P20,P04,Support,P19,P22,P05,P10,P01,P09,P14
Startseite,Karriere,P13,P16,P20,P08,Kontakt,Datenschutz,FAQ,P14
Startseite,P01,Impressum,Über uns,P12,P20,FAQ,P14
Startseite,P01,Datenschutz,P02
Startseite,Kontakt,P19,P10,Blog,P27
Startseite,P22,P05,Karriere,P10,P07,Kontakt,P23,P06,P01
Startseite,P17,P09,P23,P12,P19,P22,P18,P16,P25,P14,Über uns,Support,P04,P01,P28
Startseite,Blog,P27
Startseite,Blog,P06,P22,P04,Support,P03,Impressum,Kontakt,Blog,P09,P15
Startseite,P02,P03,Kontakt,P12,P05,Impressum,Karriere,P09
Startseite,P02,Karriere,Blog,P27
Startseite,Über uns,P29,Kontakt,P10,P22,P29,P20,P01,P16,P27,P18
Startseite,P14
Startseite,P15
Startseite,P02,Karriere,Kontakt,Karriere,P15
Startseite,P06,P24,Support,P05,FAQ,P01,FAQ,Über uns,Kontakt
Startseite,P02,P07,P18,Kontakt,P01,P16,P14
Startseite,P22,P29,Impressum,Über uns,Kontakt,P26,Datenschutz,P10,P27
Startseite,P02,Karriere,P04,Datenschutz,Impressum,Kontakt,P13,P04,P11,P21,Über uns,P05
Startseite,Blog,P08,Kontakt
Startseite,Über uns,Datenschutz,P17,P24,P28,P12,P07,Über uns
Startseite,P01,P23,P18,P24,P29
Startseite,P22,P24,P14
Startseite,Impressum,Kontakt,Blog,Über uns,Karriere,P25,P29,P24,P16,P17
Startseite,P06,Über uns,Karriere,Über uns,Blog,P01,P04,Kontakt,Impressum,P29,P22,P03
Startseite,Blog,P04,Support,P05,P19,P12,P14
Startseite,P02,P06,Impressum,Über uns,Kontakt,P03,P26,P22,Datenschutz,Impressum
Startseite,Blog,Über uns,Kontakt,FAQ,Impressum,P24,P12,P09,P26,P02,P14
Startseite,P11,P25,Karriere,Impressum,Über uns,Kontakt,P26
Startseite,P21,P25,P14
Startseite,P13,FAQ,Karriere,P08,Blog,P04,Kontakt,Support,P26,Datenschutz,Impressum,Über uns,P03,P16,P07,P19,P27
Startseite,P02,Support,P18,P01,P22,P10,Blog,P02,Kontakt
Startseite,Kontakt,P25,P20,P23,P24,P17,Über uns,Karriere
Startseite,P02
Startseite,Impressum,Kontakt,P22,Blog,P04,Kontakt
Startseite,Blog,Datenschutz,Impressum,Kontakt,FAQ,P21,P01,Support
Startseite,P01,P07,P19
Startseite,P06,FAQ,P09,P12,Karriere,Impressum,P10,P27
Startseite,Blog,P02,P06,P26,Impressum,Über uns,P21,Support,P22,P12,P16,P01,P24,P05,P04,P28,FAQ,P14
Startseite,P02,Blog,P04,Support,Kontakt,P25,P18,P19,P20,P09,P15
Startseite,Kontakt,P05,Datenschutz,Impressum,Kontakt,P18,P10,P17,FAQ,P25,P20,P01,Blog,P06
Startseite,P01,P17,Datenschutz,Impressum,Kontakt,Blog,P04,P20,P21,P08,P16,P14
Startseite,P12,P03,P04,P29,P25,P21,P19,P17,P04,P05,Blog,P01,Support,Kontakt,P28,P22,Datenschutz,P06,P29,P25,Kontakt,P15
Startseite,P18,P17,Support,FAQ,P03,P23,Karriere,P20,P28,P06,P07,P05,P29,Impressum,P13,P24,Datenschutz,P10,P14,P20
Startseite,FAQ,P14
Startseite,P02,P24,Impressum,FAQ,P14
Startseite,Blog,Karriere,Kontakt,P25,Datenschutz,P10,FAQ,P01,P04,Support,P26,Über uns,Kontakt,Datenschutz,P12
Startseite,P01,P04,P22,Blog,P18,P29,Kontakt,P08,Impressum,Blog,P27
Startseite,P02,Kontakt,P05,P03,P01,Support,Über uns,P28,Blog,P02,P09,P15
Startseite,P02,P04,Kontakt,P10,P21,P13
Startseite,P02,P07,Karriere,FAQ,Blog,Über uns,P16,Datenschutz,P10,P15
Startseite,P11,P10,Blog,P04,Kontakt,Über uns,Impressum,Kontakt,P17,Impressum,P12,P19,P05
Startseite,FAQ,P14
Startseite,P02,P01,P21,P14
Startseite,FAQ,Über uns,Karriere,Impressum,Kontakt,P05,P09,P06,P23,P28,Datenschutz,Kontakt,P25,P04,Support,P07,P15
Startseite,Blog,P01
Startseite,P23,Support,Karriere,FAQ,P01,P22,P06,P17,P14
Startseite,P29,P02,P12,P05,P10,Blog,P01,P02,Blog,P02,Impressum,Support,Kontakt
Startseite,P09,P15
Startseite,P08,P25,P18,Impressum,Über uns,P25,P27
Startseite,Blog,Impressum,Kontakt
Startseite,P02,P01,Blog,P04,Support,Kontakt,P13,P06,P27
Startseite,P01,P29,P02,P07,P01,P27
Startseite,P13,Karriere,P09,Impressum,Über uns,Kontakt,P19,Blog,P11,P15
Startseite,P02,Impressum,P07,P08,Datenschutz,P12,Über uns,Kontakt,P09
Startseite,Blog,Support,P08,P16,P12,Karriere,P20,P27
Startseite,Support
Startseite,Über uns
Startseite,P10,Blog,P27,P26,P29,P12,P04
Startseite,FAQ,Datenschutz,P10,P18,P17,Blog,P29,P03,P20,P11,P25,P09,P02,P16,P13,P23,P21,P06,P19,P01,P23,Karriere
Startseite,P01,FAQ,P14
Startseite,Kontakt,Karriere,P01,P17,P11,P04,Support,Datenschutz,FAQ,P14
Startseite,P01,Kontakt,P09,Blog,P02,Support,Datenschutz,P10,P18,P17,P29,P19,P21
Startseite,P17,P23,Impressum,Über uns,Kontakt,P20,Blog,FAQ
Startseite,P09,P07,P06,P15
Startseite,Blog,FAQ
Startseite,Kontakt,P27
Startseite,P02,P29,P06,P01,P25,P04,Support,P07,P19,P14
Startseite,P02,P22,P14
Startseite,P02,P07,P12,Impressum,P21,P16
Startseite,P01,P14,P18,Kontakt,P13,Über uns,Blog,P27
Startseite,P22,P28,P20,FAQ,P21,P12,P19,P15
Startseite,P02,P25,P17,Über uns,P08,P04,Karriere
Startseite,Support,P22,P01,Karriere,P17,P20,P14
Startseite,P02,P07,P11,P25,P19,P01,Datenschutz,Impressum,P06,Über uns,P26,P04,P13,Support,Über uns,P29,P07,P21
Startseite,P02,Impressum,P17,P07,P11,Datenschutz,P10,P03,Kontakt,P26,P12,P18,P05,Blog
Startseite,FAQ,P01,P13,P12,P09,P26,P04,P18,P25,Kontakt,FAQ,Karriere,P08,P14,P22,P28,P15
Startseite,Datenschutz,FAQ,Blog,P04,Support,Karriere,P01,P07,P14
Startseite,FAQ,Karriere,P10,P03,Datenschutz,Impressum,Kontakt,Blog,P04
Startseite,Support,P06,P23,P19,P12,P17,P14
Startseite,P16,P24,P16,P29,P21,P15
Startseite,P13,P05,P14
Startseite,Datenschutz,P05,P20,P27
Startseite,P02,P28,P17,P02
Startseite,P01,P15
Startseite,P06,Kontakt,Datenschutz,P13,P29,P05,P06,P20,P03,P25,P01,P20,FAQ,Blog,P04,P19,P21,P10,P27
Startseite,Blog,P04,Kontakt,FAQ,P20,P29,P01,P15
Startseite,Blog,P10,P27
Startseite,P01,P17,Über uns,P16,P12
Startseite,Impressum,Über uns,Karriere,P28,P03
Startseite,Kontakt,FAQ
Startseite,Blog,Karriere,Support,Kontakt,P19,P15
Startseite,Kontakt,P14
Startseite,P09,P21,FAQ,P14
Startseite,P04,Kontakt,Support,Blog,P23,Kontakt,Impressum,Kontakt,Datenschutz,P06,P24,P20,P07,P05,Kontakt
Startseite,Blog,P02,P27
Startseite,P09,P12,P01,P12,Kontakt,FAQ,Support,Karriere,Datenschutz,P18,P23,P04,P25
Startseite,P01,P03,P10,FAQ,P01,P22,P09,P03
Startseite,Blog,P07,Datenschutz,P10,Karriere,P14
Startseite,Blog,P04,Support,P28,Datenschutz
Startseite,P18,Karriere,P22,Blog,P07
Startseite,Support,P16,P20,P19,P24,P12,Datenschutz,Über uns,Karriere,P04,Kontakt,Über uns,Blog,P21,P18,Kontakt,P28,P17,P02,P22,P11,P25,Kontakt,Impressum
Startseite,Datenschutz,P10,P27
Startseite,P01,Support,P05,P18,Impressum,Über uns,Kontakt,P06,P19,Blog,P27
Startseite,Datenschutz,Impressum,P23,Über uns,Karriere,P29,P04,Support,P02,P05,Karriere
Startseite,P02,P28
Startseite,P12,FAQ,Impressum,Über uns,Kontakt,Karriere,P08,P09,P24,P17,P24
Startseite,P01,Karriere,FAQ,P18,P28,FAQ,P20,Impressum,P27
Startseite,Karriere,P05,P19,P09,P01,P02,P25,P21,Über uns,Datenschutz,P25,P23
Startseite,Blog,P01,P26,P02,P18,Datenschutz,P20,P19
Startseite,FAQ,P01,P04,P23,P09,Karriere,Support,Über uns,Karriere,Impressum,Kontakt,P21,Über uns,Kontakt,P17,P24,P29,P03,P10,P26,P17,Datenschutz,Impressum
Startseite,Blog,P02,Impressum,Kontakt,P14
Startseite,Impressum,Karriere,P11,P26,P01,P20,P06,P14
Startseite,P01,P05,P18,P08,P28,FAQ,P14
Startseite,P08,P24,P09,P22,Support,Über uns,Impressum,P23,P25,P16,Blog
Startseite,Blog,Impressum,P14
Startseite,P01,P21,P18,P26,P24,P16,P14
Startseite,P22,Impressum,P03,P05,Karriere,P20,P14
Startseite,Kontakt,Karriere,P06,P18,P17,Kontakt,Datenschutz,Impressum,Kontakt
Startseite,P01,P22,P16,Über uns,P28,P02,Datenschutz,P17,FAQ,P01,Karriere,P24,P09,P10,P27
Startseite,P01,Impressum
Startseite,P02,Support,Kontakt,Impressum,P09,P28,P27
Startseite,P01,P25,P26,P13,P14
Startseite,Impressum,Über uns,Support,Karriere
Startseite,P15
Startseite,Blog,P01,Karriere,P18,P24,P13,P21,P09,P17,P04,P29,P15
Startseite,Impressum
Startseite,Blog,Über uns,Impressum,Über uns,Kontakt,P21,Datenschutz,Impressum,P15
Startseite,Blog,P22,Kontakt,P26,P29,P02,Support,Karriere,FAQ,P17,P13
Startseite,Karriere,Impressum,Blog,P13,P05,P20,Kontakt,P21,P10,P29,P04,Support,Impressum,Über uns,Kontakt,P27
Startseite,Kontakt,P19,Karriere,Blog,P01,Datenschutz,Impressum,Support,Karriere
Startseite,P15,P06,P25,P11,P24,P04,Kontakt,P16,Blog
Startseite,P01,Über uns,P27
Startseite,Support,P08,P21,P29,P16,P18,Blog,P01,P12,FAQ,Über uns
Startseite,P05,FAQ,Blog,Impressum,Kontakt,Support,P28,P24,P08,P04,Support,Über uns,Karriere,P25,Blog,P27
Startseite,Datenschutz,P10,Blog,FAQ,P29,P05,P17,Kontakt,Karriere,Kontakt,P19,Impressum,Über uns,P06,P23,P07,Support,Impressum
Startseite,P02,P19,P11,P21,P04
Startseite,P02,P12,P26,P06,P19,P22,Datenschutz,P10,Blog
Startseite,P01,P12,P17,P02,P16
Startseite,Kontakt,Über uns,Karriere,Datenschutz,P10,P27
Startseite,Datenschutz,P08,P19,P20,Support,P16,P22,P27
Startseite,Blog,P27
Startseite,Impressum,P20,Impressum,P16,P29,P10,P01,Karriere,P09,P14
Startseite,P02,P17,P05,P10,P27
Startseite,P10,Blog,Kontakt,P25,P01
Startseite,P17,P04,Kontakt,P12,Karriere,P12,P25,P10,P27
Startseite,P02,P08,Karriere,P24,P27
Startseite,Blog,P01,Datenschutz,P14
Startseite,FAQ,Über uns,P23,P16,Über uns,Kontakt,Blog,Karriere,P02,P23,P17,Support,Impressum,Karriere,P12,P19,P06,P09,P22,FAQ,P15
Startseite,P01,P26,Impressum,Über uns,Karriere,Über uns,Kontakt,P19,Karriere,P22,P02,P11,P18,P08,P25
Startseite,P09,P16,P07,P28,Blog,P13,Über uns,Kontakt,P15
Startseite,Kontakt,P23,P06,P13,P17,P18,P05,P22,P28,P11,P26
Startseite,P01,Support,Kontakt,Über uns,P04,Support,P05,Blog,P12,P09,P27
Startseite,P14
Startseite,Blog,P04,P24,P11,Impressum,FAQ,Über uns
Startseite,Impressum,Karriere,P13,P22,P02,P06,P26,P09,P12,P07
Startseite,P06,P23,P29,P11,FAQ,P01,P11,Kontakt,P07,P24,P21,FAQ,Support,P06,P16,P18,Datenschutz,P25,P27
Startseite,Blog,P04,Support,Karriere,Über uns,Kontakt,P22
Startseite,Impressum,Kontakt,FAQ
Startseite,P02,P04,P13,P05,P25,P24,P14
Startseite,Blog,P27
Startseite,FAQ,Blog,P01,P15
Startseite,Support,P23,P10,Über uns,Kontakt,Datenschutz,Karriere,P09,P29,P04,P20
Startseite,P01,P16,P06,P08,FAQ,P14
Startseite,FAQ,Über uns,P03,P25,P23,P02,P22,Blog,P04,P10,P27
Startseite,P02,Blog,Kontakt,P03,P22,P15
Startseite,P02,Karriere,Support,P10,P04,P14
Startseite,P01,P28,P07,P28
Startseite,P20,P14
Startseite,Blog,P06,P11,P08,P03,P15
Startseite,P01,P16,Karriere,P29,P04,Support,Über uns,P02,FAQ,Datenschutz
Startseite,P02,P19,P25,FAQ,Blog,P04
Startseite,P10,Blog,P14
Startseite,P27
Startseite,P06,P11,P07,P13,P16,P19,Impressum,Kontakt,P15
Startseite,P15
Startseite,P02,P22,P18,P05,Impressum,P27
Startseite,P01,P05,Datenschutz,Impressum,Über uns,Blog,P18,Support,P19,P20,P22,P03,P23,P04
Startseite,FAQ,P22,P15
Startseite,Support,P03,P26,Über uns,Support,P10,P27
Startseite,P17,P08,P09,Karriere,P11,FAQ,P01,P05,Kontakt,FAQ,P03,P24,P19
Startseite,Karriere,Kontakt,P20,P25,P05
Startseite,Blog,FAQ,P01,Karriere,P12,P04,P28,P09,P12,P13,Support,Karriere,P24,P14
Startseite,P01,P06,P07,P16,P18,P29,P16,P26,Karriere,P12,P09,P22,P06,P19,P01,Impressum,P28,P22,P21,Blog,P27
Startseite,Blog,P27,Über uns,Support,Datenschutz,P04,Kontakt
Startseite,Kontakt,P29,P03,P02,P08,P17,P18,P19,P07,P27
Startseite,Blog,FAQ,P01,Datenschutz,Kontakt,Support,P20,P07,P26,Karriere,P17
Startseite,P05,P25,Kontakt,P14
Startseite,P01,P15
Startseite,Blog,Impressum,P25,Karriere,Datenschutz,P29
Startseite,Support,Datenschutz,P10
Startseite,Kontakt,P23,P11
Startseite,P02,P25,P22,Über uns,Karriere,Kontakt
Startseite,Blog,P02,P05,P15
Startseite,FAQ,P01
Startseite,P23,P15,Karriere,P10,P27
Startseite,P19,P18,P05,Datenschutz,Impressum,Kontakt,Support,P19,P22,P04,Über uns,P29
Startseite,P01,Kontakt,FAQ,P14
Startseite,P02,Über uns,Karriere,Blog,Kontakt,FAQ,P01,P26,P07,P21,P14
Startseite,P01,P21,FAQ,P01
Startseite,P23
Startseite,P21,P22
Startseite,Datenschutz,P10,P27
Startseite,Kontakt,P05,P06,P07,P24
Startseite,Karriere,Über uns,P26,P09,P10,P27
Startseite,P29,P04,P22,P25,P02,Blog,P01,P10,P07,P12,P28,P05,P27
Startseite,P02,P11,P29,P23,P29,P09
Startseite,P11,P26,P22,P12,P04,Kontakt,P01,P06,P29,P05,Blog,P13,Impressum,Über uns,Karriere,P21,P03,P12,P08,P09,P07,P05,P01
Startseite,P02,P22,P06,FAQ,P01,Karriere,P26,Kontakt,Datenschutz,Impressum,Über uns,P23,P06,Blog,P05,P25,P21,P16,P04
Startseite,P02,P29,Kontakt,P09,P19,P14
Startseite,P18,P06,P01,P20,P08,Karriere,Über uns,P26,P05,P23,FAQ,P01,P05,P15
Startseite,Datenschutz,P15
Startseite,Kontakt,Impressum,FAQ,P01,P11,P22,P07,P19,P20,P23,Blog,P01,P22,P04,P15
Startseite,P20,Karriere,P25,P14
Startseite,Datenschutz,P10,Impressum,Support,P06,P14
Startseite,Blog,P01,P07,P18,P10,P27
Startseite,P01,P20,P02,P25,P06,P15
Startseite,Blog,P27
Startseite,P01,FAQ,P13,P07,P10,P22,P20,P17,P07,Impressum,Über uns
Startseite,Datenschutz,P10,P09,Über uns,P22,P05,P10,Blog,P12,P11,Blog,P28
Startseite,Karriere,P27
Startseite,Datenschutz,P29,Kontakt,P12,P06,Über uns,Kontakt,P21,P13,P26,P17,P26,Support
Startseite,Blog,Support,Kontakt,Über uns,P05,P17,P19,P26,P04,Kontakt,Datenschutz,P10
Startseite,P02,P01,P06,Karriere,Über uns,P18,Impressum,Über uns,Kontakt,P26,P23
Startseite,P02,P17,Support,P21,P23,Datenschutz,P25,P07,P24,P21,P19,Impressum,P16,P03
Startseite,P08,FAQ,P01,P03,P18,Karriere,P19,P26,P12,Support,Impressum,P08,P10,FAQ,P20,P27
Startseite,P17,Datenschutz,P10,P27
Startseite,Blog,P01,P23,P10,P21,P27
Startseite,Über uns,Karriere,Kontakt,P12,P06,P21,P25,P05,P20,Karriere,P24,P16,P04,P28,P09
Startseite,P01,Impressum,Datenschutz,P24,Support,Kontakt,P17,P09,P23,P04
Startseite,P02,P06,P19,P20,P29,P23,P26,P21,P11,P03,Blog
Startseite,P01,P08,P29,Karriere,Über uns,Impressum,Kontakt,Karriere,FAQ,P06
Startseite,P02,P23,P06,P27,P14
Startseite,Karriere,P28,P26,P24,P11,P09
Startseite,P01,Karriere,P21,Über uns,FAQ,Blog,P27
Startseite,Datenschutz,Über uns,Karriere,P06,P13,P19,P10,Blog,P25,P27
Startseite,P02,Kontakt,Blog,P08,Support,Karriere,Datenschutz
Startseite,P05,P21,FAQ,P14
Startseite,Datenschutz,Support,P25,P12,P10,P14
Startseite,Blog,P02,P13,P05,P25,P29,Datenschutz,P10,P27
Startseite,P02,Kontakt
Startseite,P02,P24,P29,P06,Support,Impressum,Kontakt,P05,Blog,Über uns,P20,P07,P03,P13,P14
Startseite,P16,Karriere,Datenschutz,Impressum,Über uns,Kontakt,P11,P14
Startseite,P07,P21,P03,P24,P12,P13,P05,P20,P28,P10
Startseite,P26,P10,Blog,P02,P22,Karriere,P03,P20
Startseite,Kontakt,P26,P16,Karriere,P11,P17,P07,P24,Über uns,P23,P16,Blog,P08,P17,Über uns
Startseite,P01,P16,P12,P03,Kontakt,Karriere,Impressum,Über uns,P10,Blog
Startseite,P01,P04,Kontakt,Support,P25,Karriere
Startseite,Datenschutz,P15
Startseite,Blog,P01,P28,P14
Startseite,Blog,Datenschutz,Impressum,P27
Startseite,Blog,P27
Startseite,Blog,P15
Startseite,P02,P19,P01,FAQ,Blog,Impressum,P16,P24,P09,P23,FAQ,P14
Startseite,P16,P08,P25,P15,P17,Datenschutz,Impressum,Über uns,Kontakt,P26,P03,P13,FAQ,P14
Startseite,Kontakt,P27
Startseite,FAQ,P15
Startseite,Blog,P04,P19,Datenschutz,P10,P08,P14
Startseite,P02,P16,P18,Über uns,Kontakt,Karriere,P18,P13,P07,P23,P17,P14
Startseite,P05,Karriere,P23,P19,P17,P08,Support,P07,Blog,Datenschutz,P10,P27
Startseite,Blog,Über uns,Kontakt,P04,P27
Startseite,Blog,P01,P08,P20
Startseite,Blog,P27
Startseite,P17,P10,FAQ,P14
Startseite,Blog,P04,P16,P12,P14
Startseite,P04,P14
Startseite,P04,FAQ,P14
Startseite,Über uns,Karriere,P13,P09,P27
Startseite,P16,Über uns,P09,FAQ,P01,P24,Blog,P04
Startseite,P20,P21,P03
Startseite,Blog,Über uns,Karriere,Impressum,Datenschutz,P10,P27
Startseite,P01,P03,Karriere,P24,FAQ,P14
Startseite,P02,P09,P25
Startseite,P28,FAQ,P01,P24,P12,P05,P25,P18,P10,P26,P27
Startseite,P14,P17,P15
Startseite,P01,P03,Blog
Startseite,P01,P16,FAQ,P03,Blog,P04,Kontakt,P06,P13
Startseite,P01,Über uns,Kontakt,P19,P14
Startseite,P19
Startseite,Blog,P01,Über uns,Karriere,P18,P04,Support,Datenschutz,Impressum,P10,P20
Startseite,P25,P28,P21,P18,P11,P28,Karriere,P27
Startseite,Blog,P26,P04,Support,FAQ,P12,P27
Startseite,P21,P08,P23,P05,P24,P19,P10,P27
Startseite,Blog,P23,P13,P08,P18,P25,P02
Startseite,P01,P16,Kontakt,Karriere,P22,Blog,P27
Startseite,Blog,P01,P08,P14,P22
Startseite,P12,P14
Startseite,P02,P21,Support,Impressum,Über uns,P11,Über uns,P24,P21,P08,P18,P26,Datenschutz,P01,P29,P21,P03,P27
Startseite,P24,Datenschutz,P10,P18,P29,FAQ,P01,P02,P17,Über uns,P15
Startseite,Blog,P04,Impressum,Über uns,Karriere,Support,Datenschutz,P22,P14,P21,Kontakt
Startseite,P01,P21,P22,P25,P29
Startseite,Impressum,P16,P24,P04,Kontakt,P13,P10,Blog,P02,P20,P01,P28,Karriere,FAQ
Startseite,Blog,P02,P08,P03,P24,FAQ,P01,Support,Impressum,Kontakt,P20
Startseite,P02,P11,Kontakt,Karriere,Datenschutz,P10,P06,P16,P29,Karriere,P20,P26,P25,P21,Impressum,Über uns,Support,Über uns,Kontakt
Startseite,P01,FAQ,P14
Startseite,Blog,FAQ,Datenschutz,P16,P08,P13,P29
Startseite,P06,P24,Support,Über uns,Impressum,Kontakt,P09,P08,P10,Blog
Startseite,P01,P25,P19
Startseite,Blog,P27
Startseite,Über uns,Kontakt,P12,P22,Impressum,Kontakt,Karriere,P23,Kontakt,P24,P01,P19,Karriere,Support,P13
Startseite,P01,P09,P17,P12,P26
Startseite,P02,P20,P29
Startseite,P02,Über uns,P17,P10,P11,P03
Startseite,P01,P14,Impressum,P13,P07,P24,P05,P03,P22,P21,Karriere,Support,P23,P27
Startseite,Karriere,Kontakt,Datenschutz,P23,FAQ,P14
Startseite,P28,Datenschutz,P10,P19,P02,P12,P22,P23,Support,Kontakt,P08,Über uns,Kontakt,P18,P07
Startseite,P02
Startseite,Blog,P04,Support,Kontakt,Über uns,P20,P10,Blog,P26,P21,P23,P07,P29,Karriere
Startseite,P22,P20,P06,P26,Impressum,FAQ,Über uns,Kontakt,Support,Karriere,P21,P07,P28,P20,P13,P14
Startseite,Blog,P04,Support,Datenschutz,FAQ,P14
Startseite,P01,P06,P16,P11,P28,P26,P07,P22,Blog,P22,P13,P23,P17,Kontakt,Support,Karriere
Startseite,Blog,P07,Karriere,P29,P19,Datenschutz,P10,Blog
Startseite,P01,P10,P27
Startseite,P18,P14,Über uns,Kontakt,P19,P21,Datenschutz,Impressum,Kontakt,Blog,P27
Startseite,P02,P23,Karriere,P04,P10,P09,P16,P22
Startseite,P02,Support,P11
Startseite,Blog,Support,Kontakt,Über uns,Karriere,P16
Startseite,P12,P09,P21,P08,P10,P27
Startseite,Datenschutz,Blog,P02,P12,P10,Blog,P04,Kontakt,P06,P14
Startseite,P09,P15
Startseite,P01,P05,P23,Impressum,Blog,P02,Datenschutz,P10,P12
Startseite,P06,P11,P23,P04,P16,P27
Startseite,P26,Über uns,Karriere,Blog,P02,P05,P22,P18,P19,P21,P12,P28,P11,P15
Startseite,P02,P06,Support,P17,Kontakt,Karriere,P19,P27
Startseite,P02,P16,P11,P16,Support,Datenschutz,P10,P25,Impressum,Karriere,Blog
Startseite,P01,P27
Startseite,Karriere,P24,P09,P12,P04,Support,P21,Über uns,P20,P11,FAQ,P14
Startseite,P01,P03,P14,P20,Support,Über uns,Karriere
Startseite,P05,P23,Karriere,P14
Startseite,Kontakt,Karriere,FAQ,Support,P05,P16,Datenschutz,P22,P03,P20
Startseite,Blog,P23,P02,P29,P23,P13,P10,P27
Startseite,P04,Blog,P21,Datenschutz,P16,Karriere,P13
Startseite,P02,P12,P02,Kontakt,P06
Startseite,Blog,Impressum,Kontakt,Über uns,P12,P18,P23,P26,Support
Startseite,FAQ,Impressum,Über uns,P15
Startseite,P01,P22,P02,P20,P15
Startseite,Kontakt,Blog,P01,P17,P25,Impressum,P13,P24,P07,Über uns,Support,FAQ,P14
Startseite,P01,Impressum,Über uns,Datenschutz,P10,P27
Startseite,P02,P08,P03,P22,P09,P15
Startseite,P01,P29,Über uns,P25,Karriere,P06,P20,P21,P09,P26,P23,P22,Kontakt,P17,P27
Startseite,Blog,P28,Über uns,P27
Startseite,P26,P09,P01,P21,P27
Startseite,P01,P08,P06,P12,P26,P09,P17,P07,Datenschutz
Startseite,P28,P20,P12,P05,P27
Startseite,Impressum,Kontakt
Startseite,Kontakt,P26,P21,Blog,P01,Datenschutz,Impressum,P29,P20,Support,P08,P14
Startseite,Blog,P10,P12,P07,P19,Über uns,Karriere,P11,Impressum,P15
Startseite,P02,P26,P18,P13,P27
Startseite,Über uns
Startseite,Support,Über uns,Kontakt,Karriere,P14
Startseite,P01,Support,P16,P24,P07,P05,P14
Startseite,P01,P06,P04,P18,P26,P21,P08,P24,P27
Startseite,P02,P15
Startseite,Über uns,Kontakt,P11,P04,Support,Blog,P24,P17,Kontakt,Datenschutz,Impressum,P15
Startseite,P02,P25,Blog,P24
Startseite,Blog,P02,P14
Startseite,FAQ,P14
Startseite,Blog,P04,P06,P01,P09,Impressum,Über uns,Karriere,Support,Datenschutz,P10
Startseite,Blog,P23,P06,P29,P13,P15
Startseite,Über uns,FAQ,Impressum,P01,P14
Startseite,Blog,P01,P10,P27
Startseite,P24,P07,Kontakt,P20,P01,P13,P26,P09
Startseite,P02,Impressum,Kontakt,Support,P18,P07,P16,Karriere,Kontakt
Startseite,P14
Startseite,P02,Karriere,Blog,P01,P23,P16,P20,P13,Support,FAQ,P01,P24,P06,P05,P04,Impressum,Kontakt,P03,P15
Startseite,P02,P26,P07,P27
Startseite,Über uns,FAQ,P01,P02,P01,P15
Startseite,P21
Startseite,FAQ,P29
Startseite,Datenschutz,Impressum,Kontakt,P06,P23,P20,P15,P28,P17,P26,P08,P01,Support,Über uns,Blog
Startseite,Blog,P07,Impressum,P24,P27
Startseite,P24,P29,P21,Karriere,P05,P09,Kontakt,Über uns,P02,P20,Support,Kontakt,P12,Über uns,Karriere,Impressum
Startseite,P04,Support,Impressum
Startseite,Blog,P02,Kontakt,P19,P17,Kontakt,P26,Über uns,Kontakt,FAQ,P14
Startseite,Blog,P01,P22,P21,P24,P03,P25,P10,P11,Support,Impressum,Karriere
Startseite,P02,P11,P25,FAQ,P01,P08,P06,P03,P10,P07,P04,P21,Kontakt,P15
Startseite,P02,FAQ,Über uns,Support,P23,P21
Startseite,P23,P24,P13,P10,P28,P17,FAQ,P25,P27
Startseite,P02,FAQ,P14
Startseite,Kontakt,P05,P06,Datenschutz,P10,P01,P19,P24,Blog,Kontakt,Über uns,P01,P14
Startseite,P02,P22,P15
Startseite,P02,P04,Kontakt,Datenschutz,P10,P21,P13,P28,P17
Startseite,Blog,P01,P10,P25,P27
Startseite,P02,P10,Blog,P27
Startseite,P01,P08,Support,P29,P15
Startseite,Blog,Karriere,Über uns,Karriere,Support,P21,FAQ,P01,P12,P23,P06,P22,P07,P23,P01
Startseite,P02,Datenschutz,Impressum,P06,Support,Über uns,P17,P14
Startseite,Blog,P01,Über uns,Karriere,Support,P16,P11,P14,P18,P08,Kontakt,Karriere
Startseite,P01,P14
Startseite,Kontakt,P12,P06,P04,Support,P08,Impressum
Startseite,P02,P09,P01,P05,P14
Startseite,P01,P09,P03,P25,P24,P13,Support,Datenschutz,P11,P08,Karriere,Kontakt,FAQ,P13,P07,P14
Startseite,P05,P03,P29,P26,P21,P16,P24,P18,P19,P28,P15
Startseite,P21,FAQ,Impressum,P22,P09,P08,Karriere,P08,Impressum,Über uns
Startseite,P01,P16,P09,P21,Karriere,P20,P25,P14
Startseite,P22,P20,P03,Über uns,Karriere
Startseite,P26,P07,P09,P16,FAQ,P12,P29
Startseite,Über uns,Karriere,Impressum,FAQ
Startseite,Blog,P10,P27
Startseite,Über uns,Karriere,P18,P28
Startseite,Support,Datenschutz,Karriere,FAQ
Startseite,P04,Support,P19,P24,P07,P27
Startseite,Über uns,P12,P21,Kontakt,P07,Support,Datenschutz
Startseite,P15
Startseite,Impressum,Über uns,Karriere,P27
Startseite,P01,P22,P14
Startseite,Kontakt,P25,P03,P02,P25,P08,Karriere,P12,P15
Startseite,Impressum,Support,P03,P24,P13,FAQ
Startseite,Über uns,Karriere,FAQ,P29,P05
Startseite,P02,P18,Support,Datenschutz,P10,P24,P08,P27
Startseite,P01,P18,P06,P18,Datenschutz,Karriere,P20
Startseite,P28,Karriere,FAQ,P01,P06,P14
Startseite,P02,P13,P09,Support,FAQ,P29,P01,P16,Datenschutz,Kontakt,P14
Startseite,Blog,P27
Startseite,P01,Kontakt,P24,P07,P17,P25,FAQ,Über uns,P14
Startseite,P13,P29,P16,Kontakt,P26,P03,P22,Support,P12
Startseite,Impressum,Über uns,P07,P26,P16,P27,Kontakt,P20,P13,Blog,Impressum,P14
Startseite,Über uns,P21,P14
Startseite,P27
Startseite,P02,P25,P17,P16,P14
Startseite,Karriere,Blog,P25,Über uns,P12,P07,Karriere,P19,P20,P11,P20,P03,P29,P06,P10,P27
Startseite,P01,P22,P17,P15
Startseite,P13,P20,P25,P24,P19,Impressum,Kontakt,FAQ
Startseite,P02,Über uns,Kontakt,Support,P16,P17,P09,P18,Impressum,P22,P24,P14
Startseite,P26,P03,P20,P28,P29,Kontakt,P04,Support,P23,P10,FAQ,Über uns,Karriere
Startseite,P26,P19,P13,Support,P28,P09,P17,Kontakt,Über uns,FAQ,Karriere,P15
Startseite,Support,Impressum,Support,Über uns,Kontakt
Startseite,Kontakt,Karriere,Blog,P27
Startseite,Datenschutz,Impressum,Über uns,Kontakt,P15
Startseite,P01,P08,P17,Support,P22,P28,P18,P03,P04,Kontakt,Datenschutz
Startseite,P10,P27
Startseite,P03,P26,P01,P20,Blog,P19,Karriere,Support,P10,P04,Kontakt,Support,P13,P12,P06,FAQ,Support,FAQ,P14
Startseite,P18,P29,P20,P07,P04,Kontakt,P15
Startseite,Blog,P04,P02,P10,P27
Startseite,P26,P15,P24,P29,P18,P07,P22,Datenschutz,P10,Blog,P20,P14
Startseite,P14
Startseite,P01,P25,P10,P26,P14
Startseite,P04
Startseite,Blog,P02,Über uns,Kontakt,P09,FAQ,P19,Über uns
Startseite,P17,P05,P03,P08,P26,Karriere,P11,Impressum,Über uns,Kontakt,P23,Support,P09,P12,FAQ,P09,P02,P21,FAQ,P01,P24,P20,Blog,P01
Startseite,P01,P16,P24,P09,P22,P11,P02,Support,Datenschutz,Impressum,P02,Datenschutz,P23,P06,P01,P03
Startseite,Über uns,Karriere,P05,P01,P29,P27
Startseite,Blog,P02,P14
Startseite,P01
Startseite,P02,P27
Startseite,P16,P27
Startseite,Blog,P04,Karriere,Datenschutz,Impressum
Startseite,Blog,P27
Startseite,P18,P25,P03,P16,P22,P28
Startseite,P02,P15
Startseite,P01,P09,FAQ
Startseite,P01,Impressum,Kontakt,P15
Startseite,P02,FAQ,P15
Startseite,P02,P11,P17,P27
Startseite,Blog,P21,P17,P15
Startseite,P01,Karriere,Impressum,P05,P14
Startseite,P02,P05,Blog,P04,Kontakt,Karriere,P11,P25,Über uns
Startseite,P02,Kontakt,P22,Impressum,P08,P20,P13,Blog,FAQ,P26
Startseite,P17,Support,P18,Support,P10,P27
Startseite,P01,P19,P26,FAQ
Startseite,Blog,Karriere,P27
Startseite,Blog,P01,P25,Karriere,Impressum,Kontakt,P27
Startseite,P07,P06,P04,Impressum,Über uns,P11,P27
Startseite,Blog,P21,P11,P18,P19,Support,FAQ,Datenschutz,Karriere,Impressum,Über uns,Karriere
Startseite,Blog,P02,P03,Blog,P27
Startseite,P01,P20,P10,Blog,P04,P03,P05
Startseite,Karriere,P27
Startseite,P01,P04,P05,P28,P17,Impressum,P24,P09,Impressum
Startseite,Support,P21,P13,P24,FAQ,Blog,Datenschutz,Impressum,P04,Kontakt,P20,P15
Startseite,FAQ,P01,P14
Startseite,Blog,P01,P17,P09,P05,P02,P12,P09,P23,P29,P18,P07,P03,Datenschutz,Impressum,Kontakt,Blog,P27
Startseite,Blog,Über uns,FAQ,P01,P13,P22,Impressum,Kontakt,P03,P08,P02,P21,P27
Startseite,P29,P15,Karriere,Kontakt,Impressum,Kontakt,Datenschutz,P11,P02,P03,Karriere,P21,P25,FAQ,Blog,Support
Startseite,P02,P21,Impressum,Über uns,Karriere,P07,P15
Startseite,Karriere,Blog,P04,Kontakt,P09,P03,P10,Blog,P12
Startseite,Impressum,Kontakt,Datenschutz,P28,P21,P02,P16,P01,P04,Support,P02,P25,FAQ
Startseite,Kontakt,Blog,P04,P06,P26,P11,P27
Startseite,Blog,Support,Kontakt,Impressum,Über uns,Kontakt,Über uns,Kontakt,Über uns,P28,P02,Über uns,P22,P09,P14
Startseite,Über uns,P20,P08,P26,Datenschutz,P06,P11,P13,P12,P26,P23,P11,P07,P06,P21,P22,FAQ,P11,P25,Karriere
Startseite,P02,P21,P13,Datenschutz
Startseite,P24,P18,P10,P27
Startseite,P01,P06,Karriere,Blog,P04,P28
Startseite,Blog,P04,Kontakt,Karriere,P14
Startseite,Blog,P24,P04,Support,Über uns,Karriere,Kontakt,Impressum,Blog,P01,P14
Startseite,P25,P06,P02,P11,P15
Startseite,Blog,P27
Startseite,Impressum,Blog,P19,P13,P25,P02,P20,P03,FAQ,P14
Startseite,Blog,P04,Kontakt,Über uns,Karriere,P07,P26,Support,P18,P24
Startseite,P01,P08,P19,Über uns,P03,P10,P22,P16,P21,P22,P11,P28,FAQ,P24,Karriere,P26,Karriere,Support,Blog,P27
Startseite,Blog,P01,Kontakt,Datenschutz,Karriere,Support,P08,P12,P27
Startseite,P20,P03,Impressum,Kontakt,P28,P18,P08
Startseite,P10,Blog,P01,P28,Über uns,Karriere,Support,FAQ,P14
Startseite,Blog,Impressum,Kontakt,P27
Startseite,P01,P10,P26
Startseite,Blog,P04,Kontakt
Startseite,P01,P11,P03,P04,Kontakt,P28,P17,P22,P10,P27
Startseite,P01,Support,Datenschutz,P27
Startseite,Blog,P27
Startseite,P01,P12,FAQ,P14
Startseite,Support
Startseite,P18,P29,P14
Startseite,P02,P25,P27
Startseite,Über uns,P28,FAQ,P02,P01,P08,P26,P13,P20,P13,P25,P17,P19
Startseite,Kontakt,P19,Über uns,Karriere,P26,P22,P15
Startseite,P02,P06,P11,P04,Kontakt,P22,Blog,Karriere,P12,Support,Kontakt,P24,P19,Kontakt,Impressum,Über uns,FAQ,P01,P25,P29,P10
Startseite,P06,P03,P11,P20,P29,Über uns,Karriere,P27
Startseite,Blog,P01,P17,P16,Support,P29,Kontakt,P15
Startseite,P01,P19,P28,P24,P21,P29,P03,P26,P04,Kontakt,FAQ
Startseite,Blog,P04,Support,Impressum,Kontakt,P16,P08,P22,P12,Support,P23,P25,P28,P09,P03,P26
Startseite,Support,Karriere,FAQ,Datenschutz,P21,P14
Startseite,P02,P17,P25,P07,P20,Karriere,P14
Startseite,Blog,Karriere,Über uns,P21,P19,P20,P12,P04,Kontakt,Support,Impressum,Datenschutz,P24
Startseite,P02,P26,P22,P15
Startseite,Blog,P15
Startseite,Blog,P03,P29,P26,P18,P06,P12,P27
Startseite,Blog,P02,P29,P05,P03,Datenschutz,Karriere,Kontakt,P21,P15
Startseite,Blog
Startseite,Datenschutz,Kontakt,Karriere,Support,P04,P23,P02,P20,P25,P22,P21
Startseite,P01,Karriere,P24,P08,P06
Startseite,P02,P16,P14
Startseite,P01,P06,P08,P02,P28,P03,P02,Über uns,Kontakt,Karriere,Impressum,P11,P27
Startseite,P27
Startseite,Blog,P26,P09,Blog
Startseite,Support,FAQ,Impressum,P22,P01,P29,Blog,P01,P03,P19,P26,P10,P09,P18,Datenschutz,P23,P14
Startseite,P02,Karriere,FAQ,P18,P15
Startseite,P01,P23,Blog,P02
Startseite,Blog,P04,P23,Kontakt,P14
Startseite,P26,P17,Karriere,Über uns,Karriere,Blog,P27,Datenschutz,Impressum,Über uns
Startseite,P02,P18,P02,P23,Über uns,P07,Über uns,Kontakt,P22,P11,Karriere,Kontakt,P28
Startseite,Blog,P04,Support,Über uns,Kontakt,P13,P22,P11,P03,P06,P28
Startseite,P01,P10,P27
Startseite,Support,P08,P11,P12,P11,Über uns,Karriere,P04,Kontakt,P17,P29,P26,P07
Startseite,P02,Über uns,Karriere,Support,P18,P23,P22
Startseite,Impressum,Über uns,P25,P10
Startseite,Karriere,Datenschutz,Impressum,Über uns,P13,P05,Support,P25,P04,P29,P11,P21,P22,P28,P23,P27
Startseite,Blog,P07,P16,FAQ,P01,Karriere
Startseite,P23,P24,Blog,P05,P28,P07,Datenschutz,Impressum,Kontakt,P04,Kontakt,P10
Startseite,P15
Startseite,P01,P22,FAQ,P14
Startseite,Kontakt,P23
Startseite,Über uns,P09,Support,Datenschutz,P29,P01,P20,P13,P14
Startseite,P02,P11,P10,Blog,P27
Startseite,Blog,P01,P21,Kontakt,FAQ,P16,P02,P14
Startseite,P28,P16,Kontakt,Impressum,P29,P17,P01,P18,Über uns,P20
Startseite,Datenschutz,Impressum,Über uns,Kontakt,Blog,P27
Startseite,P01,Über uns,Karriere,P09,P26,Datenschutz,P10,P22,P28,P21,P18,P06,P15
Startseite,Kontakt,P21,P25,P17,Support,FAQ,P14
Startseite,Datenschutz,P13,P25,FAQ,P22,P05,P01,Über uns,Karriere,Datenschutz,Support,P14
Startseite,Blog,P27
Startseite,Support,P09,P15
Startseite,P04,Kontakt,P15
Startseite,Blog,P01,Karriere,P22,P16,P19,P24
Startseite,P03,Impressum,Kontakt,P17
Startseite,P02,P16,P27
Startseite,Blog,P03,P20,P23,P14
Startseite,Über uns,Karriere
Startseite,P01,P02,P12,Support,P14
Startseite,Blog,P15,P28,Kontakt,P20,P17,Kontakt,Impressum,Datenschutz,P10,P27
Startseite,P02,P18,P03,P20,P26,Support,Karriere
Startseite,P02,P08,P23,P17,P21
Startseite,Blog,Impressum,Kontakt,FAQ,P01,P22,P06,P14
Startseite,P01,P02,P26,Impressum,Kontakt,Karriere,P09,P08,P09,P17,P02,P28,P14
Startseite,P02,P23,P21,P25,P10,P28,P12,P13,P04,P09,FAQ,P01,Support
Startseite,P12,Über uns,Kontakt,P15
Startseite,FAQ,P09,P23,P28,P04,Support,P04,P16,P25,P29,FAQ,P20,P27
Startseite,P10,P06,P01,P20,P16,P02,P05,P23,Impressum,Über uns,Karriere,P22,P24,Support
Startseite,P02,P17,P11,P13,P11,P28,P07,P23,P26,P02,P06,Datenschutz
Startseite,P13,P19,P24,P10,P12,Impressum,Über uns,Kontakt,Datenschutz,Impressum,Kontakt,P26,FAQ,P14
Startseite,P18,P12,P22,P20,P16,P19,Datenschutz,Über uns,FAQ,P14
Startseite,FAQ,P14
Startseite,P02,P28,P15
Startseite,P07,P01,P18,P04,Impressum,P27
Startseite,Karriere,P27
Startseite,P02,P20,P25,P14,Kontakt,P13,P25,P16,Impressum,FAQ,P01
Startseite,P01,P18,P02,Impressum
Startseite,Blog,P04,P09,P03,P29,P10,P27
Startseite,Über uns,Karriere,P27,P29,Kontakt,P25,P14
Startseite,P05,P10
Startseite,P02,Datenschutz,Kontakt,P10,P27
Startseite,P08
Startseite,Impressum,P06,P19,Karriere,P12,Blog,P04
Startseite,P01,P25,P04,Blog,Support,Karriere,P15
Startseite,P01,P08,P12,Blog,P02
Startseite,P29,P27
Startseite,P06,P01,P22,P27,Impressum,Über uns
Startseite,P07,P06,P29,P06,P15
Startseite,P04,Kontakt,Blog,P23,Impressum,Über uns,P11,P01
Startseite,Blog,P01,P22,P19,P13,Support,Über uns,P16,P08
Startseite,Blog,P04,Support,P03,P21,Karriere,P14
Startseite,P13,P20,P26,FAQ,P14
Startseite,P02,P28,Kontakt,Blog,Support,Karriere,P22,P20,Datenschutz
Startseite,P19,P23,P28,P10,Blog,Impressum,P24
Startseite,P02,P10,P27
Startseite,P27
Startseite,P01,P20,Über uns,Kontakt,Blog
Startseite,P02,P07,Über uns,Kontakt,P24,P12,P22,Kontakt,P03,FAQ,P01,P09
Startseite,Karriere,P28,P02,P01,P27
Startseite,P01,P06,Karriere,Support,P11,P04,Kontakt,Über uns,Karriere,Datenschutz
Startseite,P17,P09,P01,P04,Kontakt,P07,P28,P03,P08,FAQ
Startseite,P01,P09,P10,P27
Startseite,Karriere,Datenschutz,Kontakt,P04,P13,P18,Karriere,Impressum,Über uns,Karriere,P14
Startseite,Impressum,Kontakt,Support,P28,P29,P03,P09,P02,P20,Blog,Karriere,P18,P11,P18,P10
Startseite,P09,Karriere,Support,P10,P27
Startseite,P02,P08,P03,P25,P06,Blog,P01,P20,Über uns
Startseite,Blog,FAQ,P14
Startseite,Blog,P02,P20,Karriere,P26,P05,Kontakt,FAQ,P14
Startseite,P02,Datenschutz,P10,Datenschutz
Startseite,Impressum,P13,P18,Support,P19,P14
Startseite,Blog,Impressum,Über uns,Kontakt,P24,P14
Startseite,Blog,Datenschutz,Impressum,P29,P27
Startseite,P11,P05,Kontakt,Impressum,Kontakt,Datenschutz,Support,Über uns,P16,P12
Startseite,P01,Über uns,Karriere,Über uns,Kontakt,FAQ,P06,P24,P29,P10,P28,P04,P15
Startseite,P24,P21,P22,P05,Blog,P02,P27,P17,Support,P12,P18,P25,Über uns,Karriere,Datenschutz,Impressum,Kontakt,P18
Startseite,Support,P08,Support,P04,P12
Startseite,P02,P16,P24,Karriere,Datenschutz,P23,P18,P17,P25,P12,Karriere
Startseite,P24,Kontakt,Datenschutz,P25,P21,P08,P27
Startseite,Über uns,Kontakt,P18,P10,Blog,P01,P09,Impressum,Über uns,Kontakt,P17,P16,P05,P12,Blog,P04,Support,Karriere,P06
Startseite,P01,P26,P02,P27,P25,Blog,Support
Startseite,Blog,P23,P18,P16,P01,Impressum,FAQ,Support,P05,P29,P14
Startseite,P01,P18,P29,Support,Impressum,P16,Karriere,P15
Startseite,FAQ,P02,P22,P19,P03,P20,P16
Startseite,P02,P29,Blog,P27
Startseite,P01,Kontakt,Datenschutz
Startseite,Kontakt,P24,P07,FAQ,Support,Karriere,Impressum,Über uns,Karriere
Startseite,Kontakt,Datenschutz,Über uns,Impressum,Karriere,P26,P27
Startseite,Datenschutz,Impressum,Über uns,Support,Kontakt,P25
Startseite,P08,FAQ,P29,Karriere,Support,P25,P16,P21
Startseite,FAQ,P01,P02,P08,P21,Über uns,Kontakt,Support,Blog,P15
Startseite,Blog,P01,P11,P17,P03,P16,P13,P28,P21,Karriere
Startseite,P02,Impressum,Support,P04,Impressum,P14
Startseite,P01,P21,Datenschutz,P10,P24,P07,P17,P22,P29,P25,FAQ,Datenschutz,P05
Startseite,Impressum,Kontakt,P27,Datenschutz
Startseite,P01
Startseite,Blog,FAQ,P14
Startseite,Blog,P02,P15
Startseite,Support
Startseite,Karriere,P06,Support,FAQ,P01
Startseite,P02,P29,P28,P21,P24,Karriere,P23,Impressum,Über uns,P05,P17,P09,P27
Startseite,Blog,P04,Support,Karriere,P10,Blog,P01,P11,P13,P16,P20
Startseite,P02,P09,P10,P14
Startseite,P02,P04,Kontakt,P17,Datenschutz,P10,P27
Startseite,P02,Datenschutz,Impressum,Kontakt,Support,Über uns,P23,P20,P16,Support,P15
Startseite,Blog,Datenschutz,Impressum,FAQ,P14
Startseite,P14
Startseite,Karriere,P14
Startseite,Datenschutz,Impressum,Kontakt,P01,P02,P10,P15
Startseite,Blog,P02
Startseite,Karriere,P17
Startseite,P10,P14
Startseite,Über uns,FAQ,P01,P08,P19,P04,Datenschutz,P10,Karriere,Blog,P01,P26,P17,P21,P09
Startseite,P01,Support,Kontakt,Datenschutz,P10
Startseite,Über uns,Karriere,Datenschutz,Impressum,Kontakt,P14
Startseite,P02,P19,Datenschutz,P16,Karriere,P14
Startseite,Blog,Karriere,FAQ,P01,P13,P02,P09,P29,P10,P27
Startseite,Datenschutz,Impressum,Blog,P06,P13,P15
Startseite,Datenschutz,Über uns,P02,P04,Kontakt
Startseite,P06,P13,P03,Support,P02,Kontakt,P22,P27
Startseite,Blog,Karriere,Impressum,Über uns,P12,Datenschutz,P10,FAQ,Impressum,Kontakt
Startseite,P01,P04,Kontakt
Startseite,P01,Über uns,Kontakt,Karriere,P28,P01
Startseite,P17,Blog,FAQ,Impressum,Kontakt,P07,P28,P04,Support,P25,P13,P22,P20,P16,Über uns,P01,P05
Startseite,P02,P26,Datenschutz,P10,P27
Startseite,P01,P20,P07,P11,Datenschutz,P10,P27
Startseite,Blog,P19,P27
Startseite,P28,Über uns,Datenschutz,P10,P27
Startseite,P20,P12,P07,Kontakt,Impressum,P19
Startseite,P01,FAQ,Blog,P04,Kontakt,P14
Startseite,Blog,P27
Startseite,P02,P23,P21,Blog,P01,P11,P13,P08,Support,Datenschutz,P10,P27
Startseite,Blog
Startseite,Blog,P02,Support,P13,P14
Startseite,P09,Karriere,P23,P08,P04,Kontakt,P12,Impressum,Über uns,P03,P28,P17,P14,P20,P15
Startseite,P01,P20,P27
Startseite,P20,P28,P26,P07,P21,P13,P27
Startseite,P02,P25,P07,Impressum,Über uns,Datenschutz,Support,P18,P13,P28,Kontakt
Startseite,P02,P04,Karriere,Datenschutz,P13,P06,Support,P24,P10,P27
Startseite,Blog,P08,P19,P28,P29,Blog,P27
Startseite,P02,Karriere,P23,P25,P22,P28,P04,Kontakt,P26,P29,P13,Blog,FAQ,P16,P26
Startseite,P17,Impressum,Über uns,Blog,P02,P21,Datenschutz,P10,P05,Kontakt,Support,P15
Startseite,P29
Startseite,P02,P28,Blog,P04,P16,P13,P17,P12,P11,P25
Startseite,P01,Blog,P02,Karriere,P19,P27
Startseite,P23,P25,P05,P24,Blog,P27
Startseite,P15
Startseite,Blog,P02,P20,P06,P18,FAQ,P13,P21,P11,P24,P15
Startseite,P01,FAQ,P01,Impressum,Kontakt,Datenschutz,Blog,P09,P21,P07,P27
Startseite,P02,P10,P18
Startseite,P18,Impressum,Kontakt,P17,P09,P20,P07,P27,P16,P26,P29,P04,Blog,P10,Karriere,P21,P14
Startseite,Support,P28,P10,Über uns,Karriere,Support
Startseite,Blog,P01,Impressum,P17,P23,P12,P16,P18,P24,P06,P07,P13
Startseite,Datenschutz,Karriere,P09,P05,P10,Blog,P04,P19,P22,P17,Kontakt,P07,P05,Über uns,Support,P03,P01
Startseite,Über uns,P11,P26,P03,P22,Kontakt,Impressum,Über uns
Startseite,P06,P01,P14
Startseite,Blog,P04,P25,P18,P11,Datenschutz,Blog,P27
