index,name
0,'Weird Al' Yankovic
1,A.J. Buckley
2,A.J. LoCascio
3,A.J. Riebli III
4,A.J. Trauth
5,AJ Michalka
6,Aaron Douglas
7,Aaron Fors
8,Aaron Himelstein
9,Aaron J Christopher
10,Aaron Lazar
11,Aaron Lohr
12,Aaron Pearl
13,Aaron Saxton
14,Aaron Schwartz
15,Aaron Spann
16,Aaron Stanford
17,Aaron Taylor-Johnson
18,Abbie Cobb
19,Abby Ryder Fortson
20,Abdoulaye NGom
21,Abigail Breslin
22,Abraham Benrubi
23,Adam DeVine
24,Adam Driver
25,Adam Fristoe
26,Adam Hart
27,Adam Hicks
28,Adam Joshua Jastrow
29,Adam Lamberg
30,Adam Lambert
31,Adam LeFevre
32,Adam Shankman
33,Adam West
34,Addison Holley
35,Addy Chan
36,Adewale Akinnuoye-Agbaje
37,Adrian G. Griffiths
38,Adrian Gonzalez
39,Adrian Molina
40,Adrian Pasdar
41,Adrian Scarborough
42,Adriana Sevahn Nichols
43,Adriane Lenox
44,Adrienne Bailon-Houghton
45,Afemo Omilami
46,Ahmed Best
47,Aidan Cook
48,Aidan Gemme
49,Ailsa Berk
50,Aimee Carrero
51,Aisha Tyler
52,Ajani Perkins
53,Al Cerullo
54,Al Rodrigo
55,Alan Arkin
56,Alan Bennett
57,Alan Carney
58,Alan Cumming
59,Alan Dale
60,Alan Fine
61,Alan Flyng
62,Alan Harris
63,Alan Hewitt
64,Alan Menken
65,Alan Napier
66,Alan Oppenheimer
67,Alan Rickman
68,Alan Ruscoe
69,Alan Tudyk
70,Alan Young
71,Alanna Ubach
72,Alaqua Cox
73,Albert Brooks
74,Albert Hall
75,Albert Yu-Min Lin
76,Aldis Hodge
77,Alec Guinness
78,Alec Medlock
79,Alec Willows
80,Aleks Paunovic
81,Alethea McGrath
82,Alex Ball
83,Alex Castillo
84,Alex Chansky
85,Alex D. Linz
86,Alex Désert
87,Alex Hirsch
88,Alex Norton
89,Alex Rocco
90,Alex Starke
91,Alex Villa
92,Alexander Conti
93,Alexander Gould
94,Alexander Ludwig
95,Alexandra Balahoutis
96,Alexandra Shipp
97,Alexis Denisof
98,Alf Humphreys
99,Alfonso Arau
100,Alfonso Ribeiro
101,Alfre Woodard
102,Alfred Molina
103,Ali Gage
104,Ali Hillis
105,Ali Wong
106,Alice Braga
107,Alice Dinnean
108,Alice Evans
109,Alice Hirson
110,Alice Krige
111,Alina Phelan
112,Alisa Reyes
113,Alison Fernandez
114,Alison Pill
115,Alissa Skovbye
116,Alix Korey
117,Aliza Vellani
118,Allan Kent
119,Allan Watson
120,Allen Covert
121,Allison Holker
122,Allison Janney
123,Allison Mack
124,Allisyn Ashley Arm
125,Ally Maki
126,Ally Sheedy
127,Ally Walker
128,Allyce Beasley
129,Alvy Moore
130,Alvy Ray Smith
131,Aly Michalka
132,Alyson Hannigan
133,Alyson Reed
134,Alyson Stoner
135,Alyssa Milano
136,Amanda Garrett
137,Amanda Lawrence
138,Amanda Lucas
139,Amanda Plummer
140,Amanda Walker
141,Amber Gainey Meade
142,Ameenah Kaplan
143,America Ferrera
144,Amira Ghazalla
145,Amitai Marmorstein
146,Amy Adams
147,Amy Allen
148,Amy Bruckner
149,Amy Farrington
150,Amy Hill
151,Amy Irving
152,Amy Landecker
153,Amy O'Neill
154,Amy Pietz
155,Amy Poehler
156,Amy Sedaris
157,Amy Stewart
158,Ana Ofelia Murguía
159,Andre Braugher
160,Andre Robinson
161,Andre Stojka
162,Andrea Boerries
163,Andrea Brooks
164,Andrea Martin
165,Andrew Byron
166,Andrew Collins
167,Andrew Daly
168,Andrew Herd
169,Andrew Jack
170,Andrew Keegan
171,Andrew Lauer
172,Andrew Lawrence
173,Andrew Lewis Caldwell
174,Andrew McDonough
175,Andrew Scott
176,Andrew Stanton
177,Andrew Wilson
178,Andrew Winston
179,André Bédard
180,Andy Arness
181,Andy Beckwith
182,Andy Dick
183,Andy Fischer-Price
184,Andy Nyman
185,Andy Secombe
186,Andy Serkis
187,Andy Stahl
188,Angela Bartys
189,Angela Bassett
190,Angela Lansbury
191,Angela Moore
192,Angelina Jolie
193,Angie Passmore
194,Angus Barnett
195,Angus MacLane
196,Angus Wright
197,Anika Noni Rose
198,Anjelica Huston
199,Ann Russo
200,Ann Whitney
201,Ann-Margret
202,Anna Akana
203,Anna Cathcart
204,Anna Faris
205,Anna Kendrick
206,Anna Maria Perez de Tagle
207,Anna Paquin
208,Anna Popplewell
209,Anna Slotky
210,AnnaSophia Robb
211,Annabelle Gurwitch
212,Anndi McAfee
213,Anne Archer
214,Anne Fletcher
215,Anne Hathaway
216,Anne Kathryn Parma
217,Anne Lockhart
218,Anne Meara
219,Anne Sward
220,Anneliese van der Pol
221,Annie Potts
222,Anouck Hautbois
223,Antal Kalik
224,Anthony Anderson
225,Anthony Burch
226,Anthony Daniels
227,Anthony Eustrel
228,Anthony Ghannam
229,Anthony Gonzalez
230,Anthony Hopkins
231,Anthony Konechny
232,Anthony Lymboura
233,Anthony Mackie
234,Anthony Molinari
235,Anthony Ramos
236,Anthony Reynolds
237,Anthony Ruivivar
238,Antonio Raul Corbo
239,Antonio Sol
240,Aphton Corbin
241,Apollo GT
242,April Winchell
243,Aramis Knight
244,Aramé Scott
245,Ari Rubin
246,Aria Noelle Curzon
247,Ariana Greenblatt
248,Ariel Martin
249,Ariel Winter
250,Arielle Tuliao
251,Armando Riesco
252,Armie Hammer
253,Arnold Lee
254,Arnold Pinnock
255,Arnold Schwarzenegger
256,Art LaFleur
257,Art Malik
258,Artemis Pebdani
259,Arthur Darbinyan
260,Arthur Holden
261,Arthur Malet
262,Arthur Ortiz
263,Arthur Space
264,Arthur Tovey
265,Arti Shah
266,Arturo Sorino
267,Aryan Simhadri
268,Ashley Eckstein
269,Ashley Johnson
270,Ashley Tisdale
271,Ashton Tyler
272,Atticus Shaffer
273,Atul Sharma
274,Aubree Miller
275,Audessa Parafina
276,Audrey Wasilewski
277,August Schellenberg
278,Auli'i Cravalho
279,Austin Pendleton
280,Ava Acres
281,Ava Kolker
282,Ava Russo
283,Awkwafina
284,Axel Alonso
285,B.J. Ward
286,BD Wong
287,Balthazar Getty
288,Barbara Goodson
289,Barbara Jo Allen
290,Barbara Keegan
291,Barbara Luddy
292,Barbara Marshall
293,Barbara Windsor
294,Barnard Hughes
295,Baron Davis
296,Barry Aird
297,Barry Bostwick
298,Barry Diller
299,Bart Anderson
300,Bart Johnson
301,Bart The Bear
302,Bart Thomasson
303,Bart the Bear II
304,Basil Rathbone
305,Bayli Baker
306,Bear Grylls
307,Beatrice Miller
308,Beck Bennett
309,Belita Moreno
310,Bella Thorne
311,Ben Barnes
312,Ben Burtt
313,Ben Diskin
314,Ben Falcone
315,Ben Foster
316,Ben Gleib
317,Ben Kingsley
318,Ben Mendelsohn
319,Ben Sakamoto
320,Ben Savage
321,Ben Schwartz
322,Ben Stiller
323,Ben Wright
324,Benedict Cumberbatch
325,Benedict Wong
326,Benicio del Toro
327,Benj Thall
328,Benjamin Bollen
329,Benjamin Bratt
330,Benjamin Salisbury
331,Benjamin Valic
332,Benson Fong
333,Bern Collaço
334,Bernadette Peters
335,Bernard Fox
336,Bernardo Cubria
337,Bernardo Santos
338,Bernardo de Paula
339,Bert Stevens
340,Beth Fowler
341,Beth Littleford
342,Betsy Brantley
343,Bette Midler
344,Betty Lou Gerson
345,Betty White
346,Bill Anders
347,Bill Barretta
348,Bill Bixby
349,Bill Clinton
350,Bill Cobbs
351,Bill Dow
352,Bill Duke
353,Bill Fagerbakke
354,Bill Farmer
355,Bill Hader
356,Bill Kipsang Rotich
357,Bill Lee
358,Bill Murray
359,Bill Nighy
360,Bill Pullman
361,Bill Smitrovich
362,Bill Thompson
363,Bill Walters
364,Billie Bird
365,Billie Eilish
366,Billie Lourd
367,Billy Barty
368,Billy Bletcher
369,Billy Connolly
370,Billy Crystal
371,Billy Dee Williams
372,Billy Gilbert
373,Billy J. Mitchell
374,Billy Magnussen
375,Billy Ray Cyrus
376,Bing Crosby
377,Bing Russell
378,Blair Jasin
379,Blair Slater
380,Blake Clark
381,Blake Michael
382,Blanca Araceli
383,Blayne Weaver
384,Blu Mankuma
385,Bob Bergen
386,Bob Chapek
387,Bob Costas
388,Bob Hope
389,Bob Hoskins
390,Bob Joles
391,Bob Newhart
392,Bob Peterson
393,Bob Scott
394,Bobbi Page
395,Bobby Bell
396,Bobby Block
397,Bobby Cannavale
398,Bobby Driscoll
399,Bobby Edner
400,Bobby Gaylor
401,Bobby Moynihan
402,Bobcat Goldthwait
403,Bodie Taylor
404,Bonnie Aarons
405,Bonnie Hunt
406,Bonnie Piesse
407,Bonnie Somerville
408,Booboo Stewart
409,Brad Bird
410,Brad Garrett
411,Brad Kane
412,Brad Lewis
413,Brad Savage
414,Brad Winderbaum
415,Bradford Simonsen
416,Bradley Cooper
417,Bradley Pierce
418,Bradley Steven Perry
419,Brady Noon
420,Brandon Baker
421,Brandon Mychal Smith
422,Brandon Quintin Adams
423,Brandy Norwood
424,Bray Poor
425,Breckin Meyer
426,Brenda Chapman
427,Brenda Crichlow
428,Brenda Song
429,Brendan Dillon
430,Brendan Fehr
431,Brendan Fraser
432,Brendan Meyer
433,Brenden Richard Jefferson
434,Brenna D'Amico
435,Brent Chapman
436,Brent McGee
437,Brent Musburger
438,Brenton Thwaites
439,Bret 'Brook' Parker
440,Bret Iwan
441,Brett Rice
442,Brett Thompson
443,Brett Yoder
444,Brian Blessed
445,Brian Cox
446,Brian Cummings
447,Brian Dennehy
448,Brian Doyle-Murray
449,Brian Drummond
450,Brian Fenwick
451,Brian Haley
452,Brian Hayes Currie
453,Brian Henson
454,Brian Herring
455,Brian Keith
456,Brian Michael Bendis
457,Brian Pimental
458,Brian Reilly
459,Brian Schaeffer
460,Brian Stepanek
461,Brian T. Finney
462,Brian Tochi
463,Bridget Hoffman
464,Bridgit Mendler
465,Brie Larson
466,Brighton Hertford
467,Brigid Cleary
468,Brigitta Lauren
469,Britt Robertson
470,Britt Stewart
471,Brittany Levenbrown
472,Brock Pierce
473,Bronson Webb
474,Brooks Wheelan
475,Bruce Adler
476,Bruce Boa
477,Bruce Boxleitner
478,Bruce Campbell
479,Bruce Davison
480,Bruce Greenwood
481,Bruce Lanoil
482,Bruce Morris
483,Bruce Reitherman
484,Bruce Salomon
485,Bruce Spence
486,Bryan Cranston
487,Bryan O'Byrne
488,Bryan Russell
489,Bryan Singer
490,Bryce Hodgson
491,Bud Luckey
492,Bud Markowitz
493,Buddy Ebsen
494,Buddy Hackett
495,Buddy Joe Hooker
496,Bug Hall
497,Bumper Robinson
498,Burgess Jenkins
499,Burgess Meredith
500,Burt Mustin
501,Buzz Aldrin
502,Buzz Buzz Devers
503,Byron Chief-Moon
504,Byron Howard
505,C. Ernst Harth
506,C. Michael Easton
507,C.C. Smiff
508,CCH Pounder
509,CJ Adams
510,CJ Damaso
511,Cade Woodward
512,Cailey Fleming
513,Cainan Wiebe
514,Caitlin Wachs
515,Callan Farris
516,Callan Mulvey
517,Callum Blue
518,Calum Grant
519,Calum Worthy
520,Calvin Chen
521,Cam Clarke
522,Cameron Boyce
523,Cameron Monaghan
524,Campbell Lane
525,Candy Candido
526,Carl Lumbly
527,Carl Reiner
528,Carl Weathers
529,Carla Gugino
530,Carla Jeffery
531,Carla Medina
532,Carlease Burke
533,Carleton Bluford
534,Carlos Alazraqui
535,Carlos Aviles
536,Carlos Ponce
537,Carlos Saldanha
538,Carly Schroeder
539,Carmen Electra
540,Carmen Zapata
541,Carol Anne Watts
542,Carol Bach Rita
543,Carol Burnett
544,Carol Channing
545,Carol Kane
546,Carole Shelley
547,Carolina Ángel
548,Caroline Goodall
549,Caroline Rhea
550,Caroline Royce
551,Caroll Spinney
552,Carolyn Hennesy
553,Carrie Fisher
554,Carsten Norgaard
555,Carter Sand
556,Cary Elwes
557,Cary-Hiroyuki Tagawa
558,Casey Garven
559,Casey Pieretti
560,Cassandra Naud
561,Cassie Rowell
562,Castle Rock
563,Cate Blanchett
564,Catherine Keener
565,Catherine O'Hara
566,Catherine Taber
567,Cathy Cavadini
568,Cavin Cornwall
569,Cayden Boyd
570,Cedric the Entertainer
571,Cesar Millan
572,Cesar Romero
573,Chadwick Boseman
574,Chandler Kinney
575,Charan Prabhakar
576,Charles Fleischer
577,Charles Grodin
578,Charles Guardino
579,Charles Halford
580,Charles Henry Wyson
581,Charles Kimbrough
582,Charles Klapow
583,Charles Lane
584,Charles Martin Smith
585,Charles Pellegrino
586,Charles Rocket
587,Charles Ruggles
588,Charles Shaughnessy
589,Charlie Adler
590,Charlie Day
591,Charlie Engelman
592,Charlie Tahan
593,Charlotte Marshall-Fricker
594,Chauncey Leopardi
595,Chauntal Lewis
596,Cheech Marin
597,Chelah Horsdal
598,Chelsea Kane
599,Chevy Lamont Cofield
600,Cheyenne Jackson
601,Chi McBride
602,Chick Hearn
603,China Anne McClain
604,Chiwetel Ejiofor
605,Chloe Bailey
606,Chloe Bennet
607,Chloë Grace Moretz
608,Chris Claremont
609,Chris Cooper
610,Chris Coppola
611,Chris Diamantopoulos
612,Chris Edgerly
613,Chris Evans
614,Chris Gallinger
615,Chris Hemsworth
616,Chris Houghton
617,Chris O'Dowd
618,Chris Parnell
619,Chris Payne Gilbert
620,Chris Phillips
621,Chris Pine
622,Chris Pratt
623,Chris Sanders
624,Chris Sarandon
625,Chris Triana
626,Chris Warren
627,Chris Wedge
628,Chris Wiggins
629,Chris Williams
630,Chris Young
631,Chrissie Fit
632,Christian Bale
633,Christian Convery
634,Christian J. Simon
635,Christian Juttner
636,Christian Lagasse
637,Christian Lanz
638,Christian Pikes
639,Christian Simpson
640,Christina Applegate
641,Christina Hendricks
642,Christina July Kim
643,Christina Milian
644,Christina Vidal
645,Christine Baranski
646,Christine Cavanaugh
647,Christine Ebersole
648,Christine Lakin
649,Christine Willes
650,Christoph Waltz
651,Christopher B. MacCabe
652,Christopher Brand
653,Christopher Daniel Barnes
654,Christopher Fairbank
655,Christopher Gaze
656,Christopher Guest
657,Christopher Heskey
658,Christopher Jackson
659,Christopher Lee
660,Christopher Leith
661,Christopher Lloyd
662,Christopher Maleki
663,Christopher Markus
664,Christopher McDonald
665,Christopher Plummer
666,Christopher S. Capp
667,Christopher Scarabosio
668,Christopher Scott
669,Christopher Walken
670,Christopher Wynne
671,Christy Carlson Romano
672,Chuck David Willis
673,Chuck McCann
674,Ciarán Hinds
675,Cierra Ramirez
676,Cindy Slattery
677,Clancy Brown
678,Clare Sera
679,Clarence Nash
680,Clark Gregg
681,Clarke Devereux
682,Claud Allister
683,Claudia Besso
684,Claudia Karvan
685,Claudia Wilkens
686,Clay Donahue Fontenot
687,Clay Savage
688,Clayton Taylor
689,Clea Lewis
690,Clem So
691,Cliff Edwards
692,Clifton Davis
693,Clint Howard
694,Clive Revill
695,Clive Rowe
696,Cloris Leachman
697,Clyde Kusatsu
698,Cobie Smulders
699,Cody Dorkin
700,Cole Sprouse
701,Colette Whitaker
702,Colin Farrell
703,Colin Firth
704,Colin Ford
705,Colin Fox
706,Colin O'Donoghue
707,Colleen O'Shaughnessey
708,Colleen Smith
709,Colombe Jacobsen-Derstine
710,Conchata Ferrell
711,Connie Chiume
712,Connie Ray
713,Connor Fielding
714,Connor Widdows
715,Conrad Coates
716,Constance Shulman
717,Constanza Lechuga
718,Cooper Cowgill
719,Corbin Bleu
720,Corey Burton
721,Corey Feldman
722,Corey Gorewicz
723,Corey Johnson
724,Corey Stoll
725,Cornell John
726,Corri English
727,Cortney Palm
728,Cosmo Sardo
729,Courtland Mead
730,Courtnee Draper
731,Courtney B. Vance
732,Craig Anton
733,Craig Chudy
734,Craig Ferguson
735,Craig Garner
736,Craig Good
737,Craig Izzard
738,Craig Kirkwood
739,Craig Robinson
740,Craig Sechler
741,Craig T. Nelson
742,Crawford Wilson
743,Cree Summer
744,Cristela Alonzo
745,Cristina Pucelli
746,Crystal Clarke
747,Crystal Wingx
748,Crystal the Monkey
749,Cuba Gooding Jr.
750,Cullen Moss
751,Curtis Armstrong
752,Cyril Delevanti
753,D.B. Sweeney
754,D.L. Hughley
755,Daamen J. Krall
756,Dabney Coleman
757,Daiana Campeanu
758,Daisy Ridley
759,Dakin Matthews
760,Dakota Lotus
761,Dal McKennon
762,Dale Dickey
763,Dale Liner
764,Dalene Irvine
765,Damian O'Hare
766,Damien Lavergne
767,Damion Poitier
768,Damon Driver
769,Dan Buckley
770,Dan Castellaneta
771,Dan Duran
772,Dan Hennessey
773,Dan Joffre
774,Dan Nachtrab
775,Dan Payne
776,Dan Povenmire
777,Dan Scanlon
778,Dan Shor
779,Dana Hill
780,Dana Ivey
781,Dana Snyder
782,Danai Gurira
783,Dane Cook
784,Dania Ramirez
785,Daniel Bacon
786,Daniel Brühl
787,Daniel Craig
788,Daniel Cudmore
789,Daniel Díaz
790,Daniel Edward Mora
791,Daniel Eghan
792,Daniel Escobar
793,Daniel Fathers
794,Daniel Frishman
795,Daniel Gerson
796,Daniel Henney
797,Daniel Ings
798,Daniel Kaz
799,Daniel Logan
800,Daniel Ross
801,Daniel Stern
802,Daniel Stevens
803,Daniel Westwood
804,Daniella Garcia-Lorido
805,Danielle Campbell
806,Danielle Fishel
807,Danielle Judovits
808,Danielle Panabaker
809,Danielle Sten
810,Danny Blackner
811,Danny Cooksey
812,Danny DeVito
813,Danny Glover
814,Danny Huston
815,Danny Jacobs
816,Danny Mann
817,Danny Mastrogiorgio
818,Danny Nucci
819,Danny Pudi
820,Danny Sapani
821,Danny Tamberelli
822,Danny Trejo
823,Danny Troob
824,Danny Vasquez
825,Danny Woodburn
826,Dante Basco
827,Dara McGarry
828,Dara Reneé
829,Daran Norris
830,Darcie Isabella Cottrell
831,Darien Provost
832,Darrell Van Citters
833,Darrell Waltrip
834,Darren Criss
835,Darren Ewing
836,Darryl Henriques
837,Darryl Quon
838,Daru Kawalkowski
839,Darwin Shaw
840,Darwood Chung
841,Daryl Hannah
842,Daryl Mitchell
843,Daryl Sabara
844,Dave Bautista
845,Dave Chapman
846,Dave Coulier
847,Dave Filoni
848,Dave Foley
849,Dave Fox
850,Dave Goelz
851,Dave Kohut
852,Dave Thomas
853,Daveed Diggs
854,Daveigh Chase
855,David Acord
856,David Alan Barclay
857,David Bailie
858,David Berón
859,David Boat
860,David Bowers
861,David Bulbeck
862,David Cowgill
863,David Cross
864,David Dastmalchian
865,David Davies
866,David DeLuise
867,David Faustino
868,David Friedman
869,David Gyasi
870,David H. Kramer
871,David Henrie
872,David Huff
873,David Hyde Pierce
874,David J. Randolph
875,David Kallaway
876,David Kaye
877,David Krumholtz
878,David L. Lander
879,David Lewis
880,David M. Santana
881,David McCharen
882,David Milchard
883,David Ndaba
884,David Norfolk
885,David Ogden Stiers
886,David Oyelowo
887,David Prowse
888,David Reivers
889,David Rudman
890,David Schofield
891,David Shaughnessy
892,David Sobolov
893,David Spade
894,David Sparrow
895,David St. James
896,David Stollery
897,David Tennant
898,David Tomlinson
899,David Warner
900,David Zyler
901,David de Vries
902,Davin Ransom
903,Dawn Chubai
904,Dawn Maxey
905,Dawnn Lewis
906,Dax Griffin
907,DeForest Kelley
908,Dean Jones
909,Deanna Oliver
910,Deb Fink
911,Debbie Lee Carrington
912,Debbie Reynolds
913,Debby Ryan
914,Debi Derryberry
915,Debra Jo Rupp
916,Debra Mooney
917,Dee Bradley Baker
918,Dee Jay Jackson
919,Dee Tails
920,Deep Roy
921,Deirdre Warin
922,Delaney Rose Stein
923,Della Saba
924,Delroy Lindo
925,Demetri Goritsas
926,Demi Lovato
927,Demi Moore
928,Denis Lawson
929,Denis Leary
930,Denis O'Dea
931,Denise Blasor
932,Denise Gough
933,Denney Pierce
934,Dennis Day
935,Dennis Haysbert
936,Denver Pyle
937,Denzel Whitaker
938,Deobia Oparei
939,Derek Arnold
940,Derek Hough
941,Derek Luke
942,Derek Richardson
943,Desmond Campbell
944,Desmond Phillips
945,Dessie Flynn
946,Devika Parikh
947,Devin Ratray
948,Devon Bostick
949,Devon Libran
950,Dexter Fletcher
951,Diana Chiritescu
952,Diana Maria Riva
953,Diane Frazen
954,Diane Kruger
955,Diane Lane
956,Diane Sawyer
957,Dianne Doan
958,Dianne Wiest
959,Dichen Lachman
960,Dick Van Dyke
961,Dick Van Patten
962,Diedrich Bader
963,Diego Luna
964,Dina Morrone
965,Dina Spybey-Waters
966,Dipika O'Neill Joti
967,Djimon Hounsou
968,Dolores Drake
969,Dom DeLuise
970,Domee Shi
971,Domhnall Gleeson
972,Dominic Cooper
973,Dominic Monaghan
974,Dominic Scott Kay
975,Dominic West
976,Don Abernathy
977,Don Austen
978,Don Barclay
979,Don Bies
980,Don Brodie
981,Don Cheadle
982,Don Francks
983,Don Hahn
984,Don Hall
985,Don Knight
986,Don Knotts
987,Don Lake
988,Don Novello
989,Don Rickles
990,Don Yesso
991,Donald Fullilove
992,Donald Glover
993,Donald Trump
994,Donna Pescow
995,Donnie Baxter
996,Donny Osmond
997,Doris Lloyd
998,Dorothy Compton
999,Dorothy Konrad
1000,Dorothy McGuire
1001,Doug Brochu
1002,Doug E. Doug
1003,Doug Jones
1004,Doug Lefler
1005,Doug Penikas
1006,Doug Sweetland
1007,Douglas Bunn
1008,Douglas Gresham
1009,Douglas Seale
1010,Dove Cameron
1011,Drake Bell
1012,Drew Barrymore
1013,Drew Seeley
1014,Dub Taylor
1015,Dudley Moore
1016,Dwayne Gulston
1017,Dwayne Johnson
1018,Dyana Ortelli
1019,Dylan Baker
1020,Dylan Everett
1021,Dylan Kussman
1022,Dylan Minnette
1023,Dylan Playfair
1024,Dylan Sprouse
1025,E.J. De la Pena
1026,Eartha Kitt
1027,Eben Ostby
1028,Echo Kellum
1029,Ed Asner
1030,Ed Begley Jr.
1031,Ed Catmull
1032,Ed Gilbert
1033,Ed Harris
1034,Ed Helms
1035,Ed Moy
1036,Ed O'Neill
1037,Ed Speleers
1038,Ed Wynn
1039,Eddie 'Piolin' Sotelo
1040,Eddie Albert
1041,Eddie Bracken
1042,Eddie Deezen
1043,Eddie Frierson
1044,Eddie Holden
1045,Eddie Izzard
1046,Eddie Korbich
1047,Eddie Murphy
1048,Eddie Santiago
1049,Eden Espinosa
1050,Edgar Bergen
1051,Edgar Wright
1052,Edie Lehmann Boddicker
1053,Edie McClurg
1054,Edie Mirman
1055,Edith Diaz
1056,Eduardo Roman
1057,Edward Andrews
1058,Edward Herrmann
1059,Edward Hibbert
1060,Edward James Olmos
1061,Efrain Figueroa
1062,Elaine Hendrix
1063,Elan Garfias
1064,Elden Henson
1065,Eleanor Audley
1066,Eli Fucile
1067,Eli Marienthal
1068,Eli Russell Linnetz
1069,Eliana Dona
1070,Elias Koteas
1071,Elie Samouhi
1072,Elijah Wood
1073,Elisa Gabrielli
1074,Elisabeth Harnois
1075,Elissa Knight
1076,Eliza Coyle
1077,Elizabeth Daily
1078,Elizabeth Greenberg
1079,Elizabeth Gudenrath
1080,Elizabeth Mitchell
1081,Elizabeth Olsen
1082,Ella Purnell
1083,Elle Fanning
1084,Ellen Albertini Dow
1085,Ellen DeGeneres
1086,Ellen Woglom
1087,Ellie Harvie
1088,Elliot Page
1089,Elliott Reid
1090,Elmer Plummer
1091,Elon Musk
1092,Elsa Lanchester
1093,Elton John
1094,Elvia Allman
1095,Elyssa Davalos
1096,Emerson Brooks
1097,Emeson Nwolie
1098,Emilia McCarthy
1099,Emiliano Díez
1100,Emilio Estevez
1101,Emilio Fuentes
1102,Emily Beecham
1103,Emily Blunt
1104,Emily Davis
1105,Emily Hahn
1106,Emily Mortimer
1107,Emily Osment
1108,Emily Roeske
1109,Emily VanCamp
1110,Emma Hudak
1111,Emma Rose Lima
1112,Emma Thompson
1113,Emmanuel Bernal
1114,Enver Gjokaj
1115,Eren Ozker
1116,Eric Allan Kramer
1117,Eric Bana
1118,Eric Bauza
1119,Eric Braeden
1120,Eric Breker
1121,Eric Dane
1122,Eric Idle
1123,Eric Jacobson
1124,Eric Larson
1125,Eric Lloyd
1126,Eric Schweig
1127,Eric Walker
1128,Erica Beck
1129,Erica Cerra
1130,Erica Huang
1131,Erik Bauersfeld
1132,Erik Betts
1133,Erik Bragg
1134,Erik King
1135,Erik Langley
1136,Erik von Detten
1137,Erika Christensen
1138,Erin Cahill
1139,Erin Chambers
1140,Erin Kellyman
1141,Ernie Hudson
1142,Ernie Sabella
1143,Estelle Harris
1144,Esther Scott
1145,Ethan Hawke
1146,Ethan Sandler
1147,Eugene Byrd
1148,Eugene Levy
1149,Eugenio Derbez
1150,Eva Bella
1151,Eva Gabor
1152,Evan Jones
1153,Evan Peters
1154,Evan Rachel Wood
1155,Evangeline Lilly
1156,Eve Gordon
1157,Ewan McGregor
1158,Ewen Solon
1159,F. Murray Abraham
1160,Fabienne Rawley
1161,Faith Ford
1162,Falisha Fehoko
1163,Famke Janssen
1164,Fan Bingbing
1165,Fawn Reed
1166,Fernando Chien
1167,Fess Parker
1168,Field Cate
1169,Finneas O'Connell
1170,Finney Cassidy
1171,Fiona Bishop
1172,Fionnula Flanagan
1173,Flea
1174,Florence Gill
1175,Florence Kasumba
1176,Florence Stanley
1177,Flula Borg
1178,Forest Whitaker
1179,Fran Ryan
1180,Fran Targ
1181,Frances McDormand
1182,Frances de la Tour
1183,Francesca Capaldi
1184,Francesca Marie Smith
1185,Frank Baker
1186,Frank C. Turner
1187,Frank Fontaine
1188,Frank Gerrish
1189,Frank Grillo
1190,Frank Oz
1191,Frank Thomas
1192,Frank Welker
1193,Frank Wood
1194,Frankie A. Rodriguez
1195,Frankie J. Galasso
1196,Frankie Jonas
1197,Fred Dalton Thompson
1198,Fred Gwynne
1199,Fred Keating
1200,Fred MacMurray
1201,Fred Newman
1202,Fred Savage
1203,Fred Shields
1204,Fred Tatasciore
1205,Fred Willard
1206,Freda Foh Shen
1207,Freddie Prinze Jr.
1208,Frederick Coffin
1209,Frederick Warder
1210,Fredrik T. Hiebert
1211,French Stewart
1212,Fritz Feld
1213,Frédéric North
1214,Fuschia!
1215,Gabriel Iglesias
1216,Gabrielle Anwar
1217,Gabrielle Rose
1218,Gabrielle Union
1219,Gael García Bernal
1220,Gage Clarke
1221,Gail Bonney
1222,Gal Gadot
1223,Gareth Edwards
1224,Garette Ratliff Henson
1225,Garreth Hadfield
1226,Garrett Clayton
1227,Garrett Griffin
1228,Garrett Morris
1229,Garry Chalk
1230,Garry Marshall
1231,Garry Shandling
1232,Gary Anthony Williams
1233,Gary Carlos Cervantes
1234,Gary Cole
1235,Gary Imhoff
1236,Gary Owens
1237,Gary Riley
1238,Gary Schwartz
1239,Gary Sinise
1240,Gary Trousdale
1241,Gary Weeks
1242,Gedde Watanabe
1243,Gemma Chan
1244,Gene Farber
1245,Genevieve Hannelius
1246,Genevieve O'Reilly
1247,Genie Francis
1248,Geoff Felix
1249,Geoffrey Blake
1250,Geoffrey Rush
1251,George Buza
1252,George Carlin
1253,George Chandler
1254,George Clooney
1255,George DeNormand
1256,George Dvorsky
1257,George Johnson
1258,George Lindsey
1259,George Lopez
1260,George Lucas
1261,George Newbern
1262,George Takei
1263,George Wendt
1264,Georgia Lock
1265,Georgie Farmer
1266,Georgie Henley
1267,Gerald Staddon
1268,Gerald W. Abrams
1269,Gerald White
1270,Gerald Wong
1271,Geraldine James
1272,Geraldine Page
1273,Gerard Monaco
1274,Gerry Bamman
1275,Gerry Conway
1276,Gig Morton
1277,Gil Lamb
1278,Gilbert Gottfried
1279,Giles New
1280,Gillian Vigman
1281,Gillie Robic
1282,Gin Clarke
1283,Gina Cantrell
1284,Ginnifer Goodwin
1285,Ginny Tyler
1286,Gino Conforti
1287,Gintare Beinoraviciute
1288,Glen Keane
1289,Glenn Close
1290,Glenne Headly
1291,Glynis Johns
1292,Goran D. Kleut
1293,Gordon Jump
1294,Grace Rolek
1295,Gracen Newton
1296,Gracie Gillam
1297,Graham McTavish
1298,Grant Bardsley
1299,Greg Baldwin
1300,Greg Berg
1301,Greg Bronson
1302,Greg Cipes
1303,Greg Ellis
1304,Greg Germann
1305,Greg Grunberg
1306,Greg Kean
1307,Greg Kinnear
1308,Greg Lewis
1309,Greg Proops
1310,Gregg Berger
1311,Gregg Henry
1312,Gregg Sulkin
1313,Gregg Turkington
1314,Gregory Alan Williams
1315,Gregory Grudt
1316,Gregory Sierra
1317,Gretchen Koerner
1318,Grey DeLisle
1319,Gugu Mbatha-Raw
1320,Guido Quaroni
1321,Gustavo Dudamel
1322,Guy Pearce
1323,Gwenda Perez
1324,Gwendoline Christie
1325,Gwyneth Paltrow
1326,Génesis Rodríguez
1327,Hailee Steinfeld
1328,Hakeem Kae-Kazim
1329,Hal Baylor
1330,Hal Holbrook
1331,Hal Smith
1332,Hal Williams
1333,Haley Joel Osment
1334,Haley McCormick
1335,Halle Bailey
1336,Halle Berry
1337,Hallie Todd
1338,Hamilton Camp
1339,Hank Amos
1340,Hank Azaria
1341,Hank Jones
1342,Hannah John-Kamen
1343,Hannah Unkrich
1344,Hannah Walters
1345,Hans Conried
1346,Hans Moebus
1347,Harland Williams
1348,Harley Graham
1349,Harold Gould
1350,Harrison Fahn
1351,Harrison Ford
1352,Harry Attwell
1353,Harry Dean Stanton
1354,Harry Harvey
1355,Harry Morgan
1356,Harry Sabin
1357,Harry Shearer
1358,Harvey Evans
1359,Harvey Fierstein
1360,Harvey Keitel
1361,Harvey Korman
1362,Harvey Walsh
1363,Hassani Shapi
1364,Hayden Christensen
1365,Hayden Panettiere
1366,Hayes MacArthur
1367,Hayley Atwell
1368,Hayley Gagner
1369,Hayley Lovitt
1370,Hayley Mills
1371,Heather Matarazzo
1372,Heather Menzies
1373,Hector Elizondo
1374,Heidi Kling
1375,Helen Hayes
1376,Helen Mirren
1377,Helena Bonham Carter
1378,Helene Stanley
1379,Henry Goodman
1380,Henry Hodges
1381,Henry Winkler
1382,Herb Vigran
1383,Herbert Siguenza
1384,Hermione Baddeley
1385,Hilary Duff
1386,Hillary Wolf
1387,Ho-Kwan Tse
1388,Holland Taylor
1389,Holly Dorff
1390,Holly Fulger
1391,Holly Hunter
1392,Hope Alexander-Willis
1393,Hope Davis
1394,Hope Levy
1395,Horatio Sanz
1396,Houston Stevenson
1397,Howard Ashman
1398,Howard Culver
1399,Howard Morris
1400,Howard Witt
1401,Hugh Jackman
1402,Hugh Laurie
1403,Humpy Wheeler
1404,Iain Glen
1405,Ian Abercrombie
1406,Ian McDiarmid
1407,Ian McKellen
1408,Ian McShane
1409,Ian Richardson
1410,Ian Thom
1411,Ian Tregonning
1412,Ian Whyte
1413,Idina Menzel
1414,Idris Elba
1415,Ike Eisenmann
1416,Ilram Choi
1417,Imelda Staunton
1418,Imogen Poynton
1419,Ingvild Deila
1420,Ioan Gruffudd
1421,Irene Bedard
1422,Irene Santiago
1423,Iris Adrian
1424,Irone Singleton
1425,Isaac Andrews
1426,Isaac Kappy
1427,Isabel Rodriguez
1428,Isabella Acres
1429,Isabella Crovetti
1430,Isabella Poynton
1431,Isiah Whitlock Jr.
1432,Isla Fisher
1433,Issac Ryan Brown
1434,Ivy Bishop
1435,Izaak Smith
1436,Izabela Rose
1437,J. B. Bivens
1438,J. C. Williams
1439,J. Francisco Rodriguez
1440,J. Pat O'Malley
1441,J.K. Simmons
1442,J.P. Manoux
1443,Jacinte Blankenship
1444,Jack Angel
1445,Jack Black
1446,Jack Bright
1447,Jack Davenport
1448,Jack Dylan Grazer
1449,Jack Gordon
1450,Jack McBrayer
1451,Jack McGraw
1452,Jack Perkins
1453,Jack Plotnick
1454,Jack Purvis
1455,Jack Warden
1456,Jack Whitehall
1457,Jackie Gonneau
1458,Jackson Kai
1459,Jackson Stein
1460,Jackson Tessmer
1461,Jacob Batalon
1462,Jacob Bertrand
1463,Jacob Ewaniuk
1464,Jacob Smith
1465,Jacob Soley
1466,Jacob Tremblay
1467,Jacqueline Obradors
1468,Jacqueline Pinol
1469,Jacqueline Ramnarine
1470,Jacques Marin
1471,Jade Xu
1472,Jadon Sand
1473,Jaime Camil
1474,Jaime King
1475,Jaime M. Callica
1476,Jaimie Alexander
1477,Jakari Fraser
1478,Jake Abel
1479,Jake Cherry
1480,Jake Epstein
1481,Jake Green
1482,Jake Lloyd
1483,Jake McDorman
1484,Jake Richardson
1485,Jake Short
1486,Jake T. Austin
1487,Jake Thomas
1488,Jamal Sims
1489,Jamel Chambers
1490,James Almanzar
1491,James Arnold Taylor
1492,James Badge Dale
1493,James Barton
1494,James Bethea
1495,James C. Mathis III
1496,James Cada
1497,James Cameron
1498,James Coburn
1499,James Corden
1500,James Cosmo
1501,James Cranna
1502,James Cromwell
1503,James D'Arcy
1504,James Earl Jones
1505,James Filanowski
1506,James Gaisford
1507,James Gammon
1508,James Garner
1509,James Gaylyn
1510,James Godfrey
1511,James Gregory
1512,James Gunn
1513,James Hamilton
1514,James Hampton
1515,James Hiroyuki Liao
1516,James Hong
1517,James Kevin Ward
1518,James MacArthur
1519,James MacDonald
1520,James Marsden
1521,James Marsters
1522,James McAvoy
1523,James Murray
1524,James Patrick Stuart
1525,James Ponce
1526,James Rebhorn
1527,James Remar
1528,James Siderits
1529,James Whitmore
1530,James Woods
1531,James Zavaleta
1532,Jamie Chung
1533,Jamie Elman
1534,Jamie Foxx
1535,Jamie Lee Curtis
1536,Jamie McShane
1537,Jan Bos
1538,Jan Broberg
1539,Jan Pol
1540,Jan Rabson
1541,Jan Rubeš
1542,Jane Busby
1543,Jane Carr
1544,Jane Curtin
1545,Jane Goodall
1546,Jane Horrocks
1547,Jane Leeves
1548,Jane Lynch
1549,Jane Morris
1550,Jane Perry
1551,Jane Plank
1552,Jane Withers
1553,Janeane Garofalo
1554,Janet Munro
1555,Janice Karman
1556,Jared Murillo
1557,Jasmine Cephas Jones
1558,Jasmine Richards
1559,Jason Alexander
1560,Jason Connery
1561,Jason Davis
1562,Jason Deline
1563,Jason Dolley
1564,Jason Earles
1565,Jason Fricchione
1566,Jason Fullmer
1567,Jason Lee
1568,Jason Marin
1569,Jason Marsden
1570,Jason Maybaum
1571,Jason Ritter
1572,Jason Robards
1573,Jason Schombing
1574,Jason Schwartzman
1575,Jason Scott Lee
1576,Jason Topolski
1577,Jason Weaver
1578,Jason Williams
1579,Jason Willinger
1580,Jay Baruchel
1581,Jay Brazeau
1582,Jay Laga'aia
1583,Jay Leno
1584,Jay Thomas
1585,Jayden Fowora-Knight
1586,Jayne Eastwood
1587,Jazmin Caratini
1588,Jean Gilpin
1589,Jean Louisa Kelly
1590,Jean Marsh
1591,Jean Smart
1592,Jeanette Nolan
1593,Jeanne Mori
1594,Jeannie Elias
1595,Jeannie Tirado
1596,Jed
1597,Jedidiah Cohen
1598,Jedidiah Goodacre
1599,Jee-Yun Lee
1600,Jeff 'Swampy' Marsh
1601,Jeff Bennett
1602,Jeff Bridges
1603,Jeff Daniels
1604,Jeff Garlin
1605,Jeff Goldblum
1606,Jeff Gordon
1607,Jeff Kinney
1608,Jeff Michalski
1609,Jeff Mortensen
1610,Jeff Olson
1611,Jeff Pidgeon
1612,Jeff Ramsey
1613,Jeff York
1614,Jeffrey Katzenberg
1615,Jeffrey Marcus
1616,Jeffrey Nordling
1617,Jeffrey Sayre
1618,Jeffrey Tambor
1619,Jeffrey Wright
1620,Jemaine Clement
1621,Jenica Bergere
1622,Jenifer Lewis
1623,Jenna Ortega
1624,Jenna von Oy
1625,Jennifer Coolidge
1626,Jennifer Darling
1627,Jennifer Elise Cox
1628,Jennifer Garner
1629,Jennifer Hale
1630,Jennifer Lawrence
1631,Jennifer Lee
1632,Jennifer Lopez
1633,Jennifer Love Hewitt
1634,Jennifer Oleksiuk
1635,Jennifer Stone
1636,Jennifer Tilly
1637,Jenny Agutter
1638,Jenny Slate
1639,Jeph Loeb
1640,Jere Burns
1641,Jeremy Bulloch
1642,Jeremy Irons
1643,Jeremy Milton
1644,Jeremy Renner
1645,Jeremy Sisto
1646,Jeremy Suarez
1647,Jerome Ranft
1648,Jerome St. John Blake
1649,Jerry Hauck
1650,Jerry Nelson
1651,Jerry Orbach
1652,Jerry Rees
1653,Jerry Stiller
1654,Jerry Tondo
1655,Jerry Wasserman
1656,Jess Harnell
1657,Jesse Bostick
1658,Jesse Corti
1659,Jesse Garcia
1660,Jesse McCartney
1661,Jessejames Locorriere
1662,Jessica Alba
1663,Jessica Castro
1664,Jessica DiCicco
1665,Jessica Evans
1666,Jessica Keller
1667,Jessica Pacheco
1668,Jessica Tuck
1669,Jessie Flower
1670,Jet Jurgensmeyer
1671,Jett Lucas
1672,Jill Buchanan
1673,Jillian Henry
1674,Jillian Shea Spaeder
1675,Jim Belushi
1676,Jim Broadbent
1677,Jim Cummings
1678,Jim Henson
1679,Jim Parsons
1680,Jim Pirri
1681,Jim R. Coleman
1682,Jim Rash
1683,Jim Varney
1684,Jim Ward
1685,Jim Wise
1686,Jimmy Bennett
1687,Jimmy Kimmel
1688,Jimmy Smits
1689,Jimmy Vee
1690,Jo Anne Worley
1691,Jo Marie Payton
1692,JoBeth Williams
1693,Joan Copeland
1694,Joan Cusack
1695,Joan Plowright
1696,Joan Rivers
1697,Joanna Barnes
1698,Joanna Lumley
1699,Joanne Boland
1700,Joby Baker
1701,Jodi Benson
1702,Jodi Long
1703,Jodi Russell
1704,Jody Halse
1705,Jody Racicot
1706,Joe Allen Price
1707,Joe Bucaro III
1708,Joe Cash
1709,Joe Chrest
1710,Joe Flynn
1711,Joe Johnston
1712,Joe Jonas
1713,Joe Knezevich
1714,Joe Lala
1715,Joe Lanzisero
1716,Joe MacLeod
1717,Joe Mantegna
1718,Joe Nunez
1719,Joe Pantoliano
1720,Joe Pesci
1721,Joe Phillips
1722,Joe Quesada
1723,Joe Ranft
1724,Joe Ross
1725,Joe Russo
1726,Joe Whyte
1727,Joel David Moore
1728,Joel Edgerton
1729,Joel McCrary
1730,Joel Murray
1731,Joel Thingvall
1732,Joey Ansah
1733,Joey Lawrence
1734,Joey Miyashima
1735,Joey Pollari
1736,Joey Zimmerman
1737,Johan Reinhard
1738,John Alexander
1739,John Boyega
1740,John C. Reilly
1741,John Candy
1742,John Cleese
1743,John Cliff
1744,John Cumming
1745,John Cusack
1746,John Cygan
1747,John Dagleish
1748,John Davidson
1749,John DeLuca
1750,John Dehner
1751,John DiMaggio
1752,John Ducey
1753,John Duff
1754,John Eccleston
1755,John F. Kennedy
1756,John Fiedler
1757,John Franchi
1758,John Ghavan
1759,John Goodman
1760,John Heard
1761,John Henson
1762,John Hubbard
1763,John Hurt
1764,John Kani
1765,John Kassir
1766,John Knoll
1767,John Krasinski
1768,John Landis
1769,John Lasseter
1770,John Lavelle
1771,John Le Mesurier
1772,John Leguizamo
1773,John Lithgow
1774,John Lobato
1775,John Lounsbery
1776,John Lovelady
1777,John M. Levin
1778,John Mahoney
1779,John Malkovich
1780,John McIntire
1781,John McLeish
1782,John Michael Higgins
1783,John Mills
1784,John Morris
1785,John Musker
1786,John Myhers
1787,John Neville
1788,John O'Hurley
1789,John O'Toole
1790,John Pasquin
1791,John Payne
1792,John Ratzenberger
1793,John Rhys-Davies
1794,John Rothman
1795,John Salley
1796,John Slattery
1797,John Stamos
1798,John Stocker
1799,John Terry
1800,John Thirtle
1801,John Travis
1802,John Travolta
1803,John Vernon
1804,John Viener
1805,John Whitby
1806,John Williams
1807,John Wolfe
1808,John de Lancie
1809,Johnny A. Sanchez
1810,Johnny Depp
1811,Johnny Gidcomb
1812,Johnny Otto
1813,Johnny Pemberton
1814,Johnny Whitaker
1815,Jon Favreau
1816,Jon Voight
1817,Jonathan Adams
1818,Jonathan Benair
1819,Jonathan Daly
1820,Jonathan Dokuchitz
1821,Jonathan Frakes
1822,Jonathan Freeman
1823,Jonathan Groff
1824,Jonathan Harris
1825,Jonathan Hole
1826,Jonathan Jackson
1827,Jonathan Keltz
1828,Jonathan Langdon
1829,Jonathan Morgan Heit
1830,Jonathan Nichols
1831,Jonathan Pryce
1832,Jonathan Slavin
1833,Jonathan Taylor Thomas
1834,Joonas Suotamo
1835,Jordan Dumaurier
1836,Jordan Fisher
1837,Jordan Francis
1838,Jordan Nagai
1839,Jordan Ranft
1840,Jordan Stephens
1841,Jordi Caballero
1842,Jordi Mollà
1843,Jorge Diaz
1844,Jorge Leon Martinez
1845,Josef Sommer
1846,Joseph Gordon-Levitt
1847,Joseph Leo Bwarie
1848,Joseph Paul Branca
1849,Joseph Siravo
1850,Josh Brener
1851,Josh Brolin
1852,Josh Cooke
1853,Josh Cooley
1854,Josh Dallas
1855,Josh Dyer
1856,Josh Flitter
1857,Josh Gad
1858,Josh Goodman
1859,Josh Helman
1860,Josh Keaton
1861,Josh Peck
1862,Joshua Bassett
1863,Joshua Gibran Mayweather
1864,Joshua Guerrero
1865,Joshua Jackson
1866,Joshua Mikel
1867,Joshua Rush
1868,Josie Trinidad
1869,Joss Ackland
1870,Joss Whedon
1871,Jossara Jinaro
1872,José Oliveira
1873,Joyce Cohen
1874,Jozef Aoki
1875,João Costa Menezes
1876,Juan Carlos Vellido
1877,Juan Pacheco
1878,Judah Friedlander
1879,Jude Law
1880,Judge Reinhold
1881,Judi Dench
1882,Judi M. Durand
1883,Judi Shekoni
1884,Judith Hoag
1885,Judith Maxie
1886,Judy Greer
1887,Judy Kovacs
1888,Judy Kuhn
1889,Julene Renee
1890,Julia Blake
1891,Julia Lester
1892,Julia Louis-Dreyfus
1893,Julia Scarpa Saldanha
1894,Julia Sweeney
1895,Julia Vera
1896,Julian Richings
1897,Julianne Buescher
1898,Julie Andrews
1899,Julie Bowen
1900,Julie Brown
1901,Julie Hagerty
1902,Julie Kavner
1903,Julie Paris
1904,Julie Walters
1905,Juliette Goglia
1906,June Christopher
1907,June Foray
1908,June Squibb
1909,Junius Matthews
1910,Juno Temple
1911,Justin Bartha
1912,Justin Felbinger
1913,Justin Long
1914,Justin Shenkarow
1915,Justin Wong
1916,Justina Machado
1917,Kai James
1918,Kaitlyn Dias
1919,Kaitlyn Maher
1920,Kaitlyn Robrock
1921,Kal Penn
1922,Kaley Cuoco
1923,Kamil Lemieszewski
1924,Kamil McFadden
1925,Karan Brar
1926,Karan Kendrick
1927,Karen Disher
1928,Karen Dotrice
1929,Karen Duffy
1930,Karen Gillan
1931,Karen Holness
1932,Karen Huie
1933,Karen Malina White
1934,Karen Prell
1935,Kari Wahlgren
1936,Karin Konoval
1937,Karl Malden
1938,Karl Urban
1939,Karol Steele
1940,Kat Cressida
1941,Kat Dennings
1942,Kate Mara
1943,Kate McKinnon
1944,Kate Micucci
1945,Kate Reinders
1946,Kate Winslet
1947,Katey Sagal
1948,Kath Soucie
1949,Katherine Helmond
1950,Katherine Ringgold
1951,Kathleen Freeman
1952,Kathleen Marshall
1953,Kathleen Turner
1954,Kathreen Khavari
1955,Kathryn Beaumont
1956,Kathryn Hahn
1957,Kathryn Joosten
1958,Kathryn Kirkpatrick
1959,Kathryn Mullen
1960,Kathy Garver
1961,Kathy Najimy
1962,Katie Cockrell
1963,Katie Leigh
1964,Katie Lowes
1965,Katie Lucas
1966,Katie Silverman
1967,Katie Volding
1968,Kay E. Kuter
1969,Kay Panabaker
1970,Kaycee Stroh
1971,Kaylin Hayman
1972,Kc Monnie
1973,Kea Wong
1974,Keanu Reeves
1975,Keegan Connor Tracy
1976,Keegan-Michael Key
1977,Keenan Wynn
1978,Keira Knightley
1979,Keith Arthur Bolden
1980,Keith Coogan
1981,Keith Dallas
1982,Keith David
1983,Keith Ferguson
1984,Keith Richards
1985,Keith Scott
1986,Keke Palmer
1987,Kelli Baker
1988,Kelli Berglund
1989,Kelli Garner
1990,Kellie Cockrell
1991,Kellie Martin
1992,Kelly Hoover
1993,Kelly Hu
1994,Kelly Keaton
1995,Kelly Macdonald
1996,Kelly Marie Tran
1997,Kelly Miracco
1998,Kelly Preston
1999,Kelly Sue DeConnick
2000,Kelly Thordsen
2001,Kelsey Asbille
2002,Kelsey Grammer
2003,Ken Berry
2004,Ken Jeong
2005,Ken Leung
2006,Ken Sansom
2007,Ken Strunk
2008,Ken Swofford
2009,Kenan Thompson
2010,Kendall Cross
2011,Kendall Cunningham
2012,Kenner G. Kemp
2013,Kenneth Branagh
2014,Kenneth Choi
2015,Kenneth Colley
2016,Kenneth Coombs
2017,Kenneth Mars
2018,Kenneth Mitchell
2019,Kenneth Tobey
2020,Kenneth Welsh
2021,Kenny Baker
2022,Kenny Ortega
2023,Kenny-Lee Mbanefo
2024,Kent Boyd
2025,Keone Young
2026,Keri Russell
2027,Kerris Dorsey
2028,Kerry Condon
2029,Kerry Washington
2030,Kerry van der Griend
2031,Kevin Buttimer
2032,Kevin Chamberlin
2033,Kevin Chevalia
2034,Kevin Clash
2035,Kevin Conway
2036,Kevin Corcoran
2037,Kevin Costner
2038,Kevin Deters
2039,Kevin Durand
2040,Kevin Feige
2041,Kevin G. Quinn
2042,Kevin Gudahl
2043,Kevin Hudson
2044,Kevin Jonas
2045,Kevin Jubinville
2046,Kevin Kilner
2047,Kevin Kline
2048,Kevin Lacz
2049,Kevin Lima
2050,Kevin McDonald
2051,Kevin McKidd
2052,Kevin McNally
2053,Kevin Michael Richardson
2054,Kevin O'Grady
2055,Kevin Pollak
2056,Kevin Schmidt
2057,Kevin Schon
2058,Kevin Smith
2059,Kevin Spacey
2060,Kevin Stea
2061,Kevin Thompson
2062,Kevin Weisman
2063,Khan Bonfils
2064,Khary Payton
2065,Khleo Thomas
2066,Kiana Madeira
2067,Kiara Gudgeon
2068,Kiara Muhammad
2069,Kiely Williams
2070,Kieran Culkin
2071,Kim Greist
2072,Kim Raver
2073,Kim Richards
2074,Kim Roberts
2075,Kimberly Adair Clark
2076,Kimberly J. Brown
2077,Kimmy Robertson
2078,Kingston Foster
2079,Kinsey McLean
2080,Kip Pardue
2081,Kiran Shah
2082,Kirby Engelman
2083,Kirk Baily
2084,Kirk Wise
2085,Kirsten Dunst
2086,Kirsten Nelson
2087,Kirsten Storms
2088,Klee Bragger
2089,Kobna Holdbrook-Smith
2090,Kodi Smit-McPhee
2091,Krista Lally
2092,Krista Swan
2093,Kristen Bell
2094,Kristen Schaal
2095,Kristin Chenoweth
2096,Kristin Davis
2097,Kunewa Mook
2098,Kurt Max Runte
2099,Kurt Russell
2100,Kurt Yue
2101,Kyla Pratt
2102,Kyle Bornheimer
2103,Kyle Breitkopf
2104,Kyle Hebert
2105,Kyle MacLachlan
2106,Kyle Massey
2107,Kyle McDaniel
2108,Kyle Schmid
2109,Kyle Stanger
2110,Kylee Russell
2111,Kylen Davis
2112,Kylie Cantrall
2113,Kym Whitley
2114,Lacey Chabert
2115,Lalaine
2116,Lalo Alcaraz
2117,Lance E. Nichols
2118,Lance Henriksen
2119,Landry Bender
2120,Lane Toran
2121,Lara Flynn Boyle
2122,Lara Jill Miller
2123,Laraine Newman
2124,Larry Hama
2125,Larry J. Blake
2126,Larry Miller
2127,Larry Saperstein
2128,Larry the Cable Guy
2129,Lars Mikkelsen
2130,Laura Bailey
2131,Laura Bell Bundy
2132,Laura Dern
2133,Laura Dickinson
2134,Laura Haddock
2135,Laura Marano
2136,Laura Summer
2137,Laura Vandervoort
2138,Lauren Bowles
2139,Lauren Graham
2140,Lauren Lindsey Donzis
2141,Lauren Maher
2142,Lauren Maltby
2143,Lauren Sánchez
2144,Lauren Tom
2145,Laurence Fishburne
2146,Laurie Main
2147,Laurie Metcalf
2148,LeJon
2149,Lea Salonga
2150,Leah Lail
2151,Leah Latham
2152,Lee Arenberg
2153,Lee Edward Jones
2154,Lee MacDougall
2155,Lee Millar
2156,Lee Nicholas Harris
2157,Lee Pace
2158,Lee Unkrich
2159,Leigh-Allyn Baker
2160,Len Wein
2161,Lennie Weinrib
2162,Leo Bill
2163,Leoda Richards
2164,Leon Alton
2165,Leonard Maltin
2166,Leonard Nimoy
2167,Leopold Stokowski
2168,Les Clark
2169,Lesley Ann Warren
2170,Lesley Manville
2171,Leslie Bibb
2172,Leslie Carrara-Rudolph
2173,Leslie Mann
2174,Leslie Margolin
2175,Leslie Odom Jr.
2176,Leslie Wing
2177,Letitia Wright
2178,Levi Nunez
2179,Lewis Black
2180,Lewis Hamilton
2181,Liam Dunn
2182,Liam Neeson
2183,Liam O'Brien
2184,Liang Yang
2185,Libertad García Fonzi
2186,Lidya Jewett
2187,Liev Schreiber
2188,Liliana Barba Meinecke
2189,Liliana Mumy
2190,Lillian Groag
2191,Lillias White
2192,Lily Marshall-Fricker
2193,Lily Sanfelippo
2194,Lily Tomlin
2195,Lin-Manuel Miranda
2196,Linda Cardellini
2197,Linda Hunt
2198,Linda Kash
2199,Linda Larkin
2200,Lindsay Duncan
2201,Lindsay Lohan
2202,Lindsey Collins
2203,Lino DiSalvo
2204,Lisa Bradley
2205,Lisa MacFadden
2206,Lise Simms
2207,Livvy Stubenrauch
2208,Liz Callaway
2209,Lloyd Nelson
2210,Lloyd Sherr
2211,Lochlyn Munro
2212,Logan Lerman
2213,Lombardo Boyar
2214,Lord Tim Hudson
2215,Loretta Devine
2216,Lori Alan
2217,Lori Alter
2218,Lori Richardson
2219,Lorna Scott
2220,Lou Diamond Phillips
2221,Lou Ferrigno
2222,Lou Hirsch
2223,Lou Romano
2224,Louis Ashbourne Serkis
2225,Louis D'Esposito
2226,Louis Gonzales
2227,Louise Gold
2228,Louise Hradsky
2229,Luana Jackman
2230,Luana Patten
2231,Lucas Grabeel
2232,Lucas Till
2233,Lucila Gandolfo
2234,Lucille La Verne
2235,Lucille Soong
2236,Lucy Liu
2237,Luigi La Monica
2238,Luis Solís
2239,Luis Valdez
2240,Luisa Leschin
2241,Luisa d'Oliveira
2242,Luke Benward
2243,Luke Evans
2244,Luke Perry
2245,Luke de Woolfson
2246,Lupita Nyong'o
2247,Lydell M. Cheshier
2248,Lyndsi LaRose
2249,Lynn Collins
2250,Lynn Robertson Bruce
2251,Lynn Whitfield
2252,Lynwood Robinson
2253,M. Emmet Walsh
2254,M.C. Gainey
2255,Macaulay Culkin
2256,Mackenzie Crook
2257,Mackenzie Foy
2258,Mackenzie Phillips
2259,Maddix Robinson
2260,Madeleine McGraw
2261,Madeline Kahn
2262,Madison Horcher
2263,Madison Pettis
2264,Mads Mikkelsen
2265,Mae Whitman
2266,Maeve Andrews
2267,Maggie Smith
2268,Maia Mitchell
2269,Maia Wilson
2270,Makenna Cowgill
2271,Mako
2272,Malachi Barton
2273,Malcolm Dixon
2274,Malcolm McDowell
2275,Malinda Money
2276,Mallory James Mahoney
2277,Mandy Moore
2278,Mandy Patinkin
2279,"Manly ""Little Pickles"" Ortega"
2280,Manny Montana
2281,Manoela Scarpa Saldanha
2282,Manoj Sood
2283,Marabina Jaimes
2284,Marama Corlett
2285,Marc Allen Lewis
2286,Marc Cardarelli
2287,Marc Davis
2288,Marc Esse
2289,Marc John Jefferies
2290,Marc Rolfe
2291,Marcela Davison Aviles
2292,Marcellite Garner
2293,Marcelo Tubert
2294,Marcia Strassman
2295,Marcia Wallace
2296,Marco Barricelli
2297,Marco Boerries
2298,Marcus Clarke
2299,Marcus Coloma
2300,Marcus Klemp
2301,Marcus Toji
2302,Marcus Young
2303,Margaret Cabourn-Smith
2304,Margaret Travolta
2305,Margarita Fernández
2306,Margo Harshman
2307,Margo Martindale
2308,Marguerite Moreau
2309,Maria Bamford
2310,Maria Bello
2311,Maria Canals-Barrera
2312,Maria Dominique Lopez
2313,Marian Seldes
2314,Marianne Muellerleile
2315,Marie Mouroum
2316,Marie Ward
2317,Marieve Herington
2318,Marija Abney
2319,Marina Hayter
2320,Mario Todisco
2321,Mario Yedidia
2322,Marion Darlington
2323,Marisa Tomei
2324,Marjorie Eaton
2325,Mark Addy
2326,Mark Alexander Todd
2327,Mark Allan Stewart
2328,Mark Andrews
2329,Mark Ashworth
2330,Mark Christopher Lawrence
2331,Mark Curry
2332,Mark Dindal
2333,Mark Dodson
2334,Mark Hamill
2335,Mark Kubr
2336,Mark L. Taylor
2337,Mark Lewis Jones
2338,Mark Moseley
2339,Mark Rhino Smith
2340,Mark Ruffalo
2341,Mark Ryder
2342,Mark St. Cyr
2343,Mark Strong
2344,Mark Walton
2345,Marley Pearson
2346,Marni Nixon
2347,Marshall Efron
2348,Martha Wentworth
2349,Martin Donovan
2350,Martin Freeman
2351,Martin Klebba
2352,Martin Landau
2353,Martin Mull
2354,Martin Roach
2355,Martin Short
2356,Marton Csokas
2357,Martyn Mayger
2358,Marvin Braverman
2359,Mary Elizabeth McGlynn
2360,Mary Gibbs
2361,Mary Gross
2362,Mary Kay Bergman
2363,Mary Moder
2364,Mary Mouser
2365,Mary Page Keller
2366,Mary Wickes
2367,Mason Cook
2368,Mason Cutler
2369,Matt Adler
2370,Matt Cornett
2371,Matt Damon
2372,Matt Doherty
2373,Matt Frewer
2374,Matt Gerald
2375,Matt Hookings
2376,Matt Jones
2377,Matt Keeslar
2378,Matt Lanter
2379,Matt Lucas
2380,Matt McCarthy
2381,Matt Nolan
2382,Matt Prokop
2383,Matt Rippy
2384,Matt Rowan
2385,Matt Servitto
2386,Matt Sloan
2387,Matt Vogel
2388,Matt Weinberg
2389,Matthew Bellows
2390,Matthew Broderick
2391,Matthew Dale
2392,Matthew Glave
2393,Matthew Gray Gubler
2394,Matthew Harrison
2395,Matthew Josten
2396,Matthew Knight
2397,Matthew Labyorteaux
2398,Matthew Lawrence
2399,Matthew Macfadyen
2400,Matthew Maher
2401,Matthew Morrison
2402,Matthew Sharp
2403,Matthew Walker
2404,Matthew Wolf
2405,Matthew Wood
2406,Matty Finochio
2407,Maulik Pancholy
2408,Maureen Brennan
2409,Maurice Bush
2410,Maurice LaMarche
2411,Max Casella
2412,Max Charles
2413,Max Gecowets
2414,Max Kasch
2415,Max Lloyd-Jones
2416,Max Mittelman
2417,Max von Sydow
2418,Maximiliano Hernández
2419,Maxwell Simkins
2420,Maya Rudolph
2421,Meaghan Jette Martin
2422,Meera Rohit Kumbhani
2423,Meera Syal
2424,Meg Donnelly
2425,Megan Cavanagh
2426,Megan Hilty
2427,Megan Mullally
2428,Megan Serena Trainer
2429,Mekai Curtis
2430,Mel Blanc
2431,Mel Brooks
2432,Mel Rodriguez
2433,Melanie Lynskey
2434,Melanie Minichino
2435,Melanie Paxson
2436,Melissa Goodwin Shepherd
2437,Melissa Hildebrant
2438,Melissa Joan Hart
2439,Melissa Santos
2440,Melissa Villaseñor
2441,Mena Massoud
2442,Meredith Salenger
2443,Merwin Foard
2444,Meryl Streep
2445,Meshach Peters
2446,Mi-Jung Lee
2447,Mia Talerico
2448,Mia Wasikowska
2449,Michael A. Cook
2450,Michael Anthony Rogers
2451,Michael B. Jordan
2452,Michael Bayliss
2453,Michael Bell
2454,Michael Bird
2455,Michael C. Maronna
2456,Michael Caine
2457,Michael Cheng
2458,Michael Clarke Duncan
2459,Michael David Simms
2460,Michael Donovan
2461,Michael Dorn
2462,Michael Douglas
2463,Michael Eisner
2464,Michael Fassbender
2465,Michael Gambon
2466,Michael George
2467,Michael Giacchino
2468,Michael Gough
2469,Michael Gross
2470,Michael Hansen
2471,Michael Henbury Ballan
2472,Michael J. Fox
2473,Michael James Shaw
2474,Michael Jamorski
2475,Michael Jenn
2476,Michael Keaton
2477,Michael Lerner
2478,Michael McGreevey
2479,Michael McKean
2480,Michael McShane
2481,Michael Ooms
2482,Michael Oosterom
2483,Michael P. Northey
2484,Michael Panes
2485,Michael Peña
2486,Michael Pritchard
2487,Michael Rispoli
2488,Michael Rooker
2489,Michael Saccente
2490,Michael Sercerchi
2491,Michael Sheen
2492,Michael Shulman
2493,Michael Teigen
2494,Michael Trisler
2495,Michael Wallis
2496,Michael Weaver
2497,Michael Yates
2498,Michaela Cottrell
2499,Michaela Dietz
2500,Michasha Armstrong
2501,Michelle Kwan
2502,Michelle Lee
2503,Michelle Parker
2504,Michelle Pfeiffer
2505,Michelle St. John
2506,Michelle Trachtenberg
2507,Michelle Yeoh
2508,Mick Wingert
2509,Mickey Rooney
2510,Mickie McGowan
2511,Miguel Ferrer
2512,Miguel Sandoval
2513,Mike 'Nug' Nahrgang
2514,Mike Birbiglia
2515,Mike Cedeno
2516,Mike Dopud
2517,Mike Edmonds
2518,Mike Gabriel
2519,Mike Gomez
2520,Mike Mazurki
2521,Mike New
2522,Mike Quinn
2523,Mike Savva
2524,Mike Vitar
2525,Mikey Post
2526,Mila Kunis
2527,Milana Vayntrub
2528,Miley Cyrus
2529,Milo Manheim
2530,Milt Kahl
2531,Mimi Kennedy
2532,Mimi Maynard
2533,Mindy Kaling
2534,Mindy Sterling
2535,Ming-Na Wen
2536,Miriam Lucia
2537,Miriam Margolyes
2538,Mitch Carter
2539,Mitchel Musso
2540,Mitchell Hope
2541,Mizuo Peck
2542,Mo Collins
2543,Moira Kelly
2544,Moisés Arias
2545,Mollee Gray
2546,Mollie McGregor
2547,Molly C. Quinn
2548,Molly Hagan
2549,Molly Shannon
2550,Mona Marshall
2551,Monica Devereux
2552,Monica Keena
2553,Monique Coleman
2554,Monique Ganderton
2555,Montse Hernandez
2556,Moosie Drier
2557,Morgan Larson
2558,Morgan Lily
2559,Morgan Tanner
2560,Morgan York
2561,Mykal-Michelle Harris
2562,Myles Jeffrey
2563,Nadine Ellis
2564,Nancy Beiman
2565,Nancy Cartwright
2566,Nancy Kulp
2567,Nancy Olson
2568,Nancy Parent
2569,Naomi Scott
2570,Naomi Snieckus
2571,Naomie Harris
2572,Natalia Cordova-Buckley
2573,Natalie Portman
2574,Natalie Stephany Aguilar
2575,Nate Torrence
2576,Nathan Fillion
2577,Nathan Greno
2578,Nathan Hamill
2579,Nathan Lane
2580,Nathan Plant
2581,Nathaniel Parker
2582,Naveen Andrews
2583,Navia Robinson
2584,Navid Charkhi
2585,Neal Kirby
2586,Ned Dennehy
2587,Ned Glass
2588,Ned Norton
2589,Ned Wertimer
2590,Neil Armstrong
2591,Neil Denis
2592,Neil Flynn
2593,Neil Patrick Harris
2594,Neil Ross
2595,Neil deGrasse Tyson
2596,Neko Parham
2597,Nestor Serrano
2598,Neve Campbell
2599,Newell Alexander
2600,Nic Novicki
2601,Nicholas Barrera
2602,Nicholas Bird
2603,Nicholas Braun
2604,Nicholas Guest
2605,Nicholas Harrison
2606,Nicholas Hoult
2607,Nick Chinlund
2608,Nick Donald
2609,Nick Fisher
2610,Nick Jameson
2611,Nick Jonas
2612,Nick Kellington
2613,Nick Mohammed
2614,Nick Searcy
2615,Nick Spano
2616,Nick Swardson
2617,Nick W. Nicholson
2618,Nick Whitaker
2619,Nico Ghisi
2620,Nicolas Cage
2621,Nicolas Cantu
2622,Nicole Anthony
2623,Nicole Ehinger
2624,Nicole Scherzinger
2625,Nicole Sullivan
2626,Niecy Nash
2627,Nigel Barber
2628,Nigel Godrich
2629,Nigel Hawthorne
2630,Nigel Plaskitt
2631,Nika Futterman
2632,Nikita Hopkins
2633,Nikki Hahn
2634,Nikki Shah
2635,Nikolas Michailidis
2636,Nina Kumar
2637,Noah Johnston
2638,Noah Luke
2639,Noel Fisher
2640,Nolan North
2641,Noma Dumezweni
2642,Norma Alvarez
2643,Norman Grabowski
2644,Nurmi Husa
2645,Obie Matthew
2646,Octavia Spencer
2647,Octavio Solis
2648,Odette Annable
2649,Okieriete Onaodowan
2650,Olan Soule
2651,Olaniyan Thurmon
2652,Olek Krupa
2653,Olesya Rulin
2654,Oliver Ford Davies
2655,Oliver Muirhead
2656,Oliver Platt
2657,Oliver Wallace
2658,Olivia Holt
2659,Olivia Munn
2660,Olivia Olson
2661,Olivia Rodrigo
2662,Olivia Sanabia
2663,Olivia Williams
2664,Olivia d'Abo
2665,Ollie Johnston
2666,Omar Benson Miller
2667,Omar Leyva
2668,Omid Djalili
2669,Ona Grauer
2670,Onira Tares
2671,Ophelia Lovibond
2672,Oprah Winfrey
2673,Orlando Bloom
2674,Orlando Brown
2675,Orli Shoshan
2676,Orly Schuchmacher
2677,Oscar Isaac
2678,Otis Harlan
2679,Owen Fielding
2680,Owen Wilson
2681,Ozzy Osbourne
2682,Pablo Verdejo
2683,Paddi Edwards
2684,Paget Brewster
2685,Paige O'Hara
2686,Paige Turco
2687,Pam Grizz
2688,Pamela Adlon
2689,Panou
2690,Paris Berelc
2691,Parley Baer
2692,Pat Buttram
2693,Pat Carroll
2694,Pat Crawford Brown
2695,Pat Finn
2696,Pat Fraley
2697,Pat Healy
2698,Pat Kelly
2699,Pat Kiernan
2700,Pat Morita
2701,Pat Musick
2702,Pat Roach
2703,Patricia Arquette
2704,Patricia Clarkson
2705,Patricia Cullen
2706,Patricia Gaul
2707,Patricia Lentz
2708,Patricia Parris
2709,Patrick Constantine Bertagnolli Jr.
2710,Patrick Dempsey
2711,Patrick Fabian
2712,Patrick Gallagher
2713,Patrick Kennedy
2714,Patrick LaBrecque
2715,Patrick Levis
2716,Patrick O'Brien Demsey
2717,Patrick Pinney
2718,Patrick Renna
2719,Patrick Richwood
2720,Patrick Sabongui
2721,Patrick Seitz
2722,Patrick Stewart
2723,Patrick Swayze
2724,Patrick Walker
2725,Patrick Warburton
2726,Patrika Darbo
2727,Patti Deutsch
2728,Patton Oswalt
2729,Paul Bazely
2730,Paul Bettany
2731,Paul Briggs
2732,Paul Butcher
2733,Paul Chih-Ping Cheng
2734,Paul Coeur
2735,Paul Dooley
2736,Paul Eiding
2737,Paul F. Tompkins
2738,Paul Frees
2739,Paul Giamatti
2740,Paul Hopkins
2741,Paul Hunter
2742,Paul Kandel
2743,Paul Kasey
2744,Paul Kiernan
2745,Paul Klementowicz
2746,Paul Markham
2747,Paul McCartney
2748,Paul McGinnis
2749,Paul Newman
2750,Paul Nowak
2751,Paul Nygro
2752,Paul Pape
2753,Paul Petersen
2754,Paul Rae
2755,Paul Reubens
2756,Paul Rodríguez
2757,Paul Rudd
2758,Paul Rugg
2759,Paul Springer
2760,Paul Vogt
2761,Paul Walker
2762,Paul Weston
2763,Paul Whitehouse
2764,Paul Williams
2765,Paul Winchell
2766,Paula Abdul
2767,Paula J. Newman
2768,Paula Jai Parker
2769,Paula Pell
2770,Pauly Shore
2771,Paxton Booth
2772,Pearce Joza
2773,Penn Jillette
2774,Penélope Cruz
2775,Pepper Sweeney
2776,Pernilla August
2777,Pete Docter
2778,Peter Boyle
2779,Peter Burroughs
2780,Peter Conboy
2781,Peter Cullen
2782,Peter Diamond
2783,Peter Dinklage
2784,Peter Donald Badalamenti II
2785,Peter Falk
2786,Peter Firth
2787,Peter Gunn
2788,Peter Jacobson
2789,Peter Jessop
2790,Peter Kelamis
2791,Peter Linz
2792,Peter MacNeill
2793,Peter Mayhew
2794,Peter Pantaleo
2795,Peter Passmore
2796,Peter Renaday
2797,Peter Robbins
2798,Peter Roy
2799,Peter Schneider
2800,Peter Scolari
2801,Peter Serafinowicz
2802,Peter Siragusa
2803,Peter Sohn
2804,Peter Stormare
2805,Peter Ustinov
2806,Peter Wingfield
2807,Peyton Elizabeth Lee
2808,Peyton List
2809,Phil Fondacaro
2810,Phil Harris
2811,Phil Johnston
2812,Phil LaMarr
2813,Phil Morris
2814,Phil Proctor
2815,Phil Tippett
2816,Phil Wright
2817,Philicia Saunders
2818,Philip Harvey
2819,Philip L. Clarke
2820,Philip Philmar
2821,Philip Williams
2822,Phill Lewis
2823,Phill Woodfine
2824,Phillip Rhys
2825,Phillip Van Dyke
2826,Phillipa Soo
2827,Phyllis Smith
2828,Pierce Brosnan
2829,Pierfrancesco Favino
2830,Pinto Colvig
2831,Pip Carter
2832,Pip Torrens
2833,Piper Curda
2834,Piper Perabo
2835,Pixie Davies
2836,Plácido Domingo
2837,Polly Holliday
2838,Polo Rojas
2839,Pom Klementieff
2840,Prudence Wright Holmes
2841,Purv Pullen
2842,Queen Latifah
2843,Quinn Lord
2844,Quinton Flynn
2845,R. H. Thomson
2846,R. Lee Ermey
2847,Rachael Harris
2848,Rachel Brosnahan
2849,Rachel Crane
2850,Rachel Crow
2851,Rachel Davey
2852,Rachel House
2853,Rachel Weisz
2854,Rade Šerbedžija
2855,Rae Sunshine Lee
2856,Raini Rodriguez
2857,Raj Awasti
2858,Ralph Eggleston
2859,Ralph Foody
2860,Ralph Ineson
2861,Rami Malek
2862,Ramon Reed
2863,Rance Howard
2864,Randall Park
2865,Randy Cartwright
2866,Randy Crenshaw
2867,Randy Lee
2868,Randy Nelson
2869,Randy Newman
2870,Randy Poffo
2871,Raphael Alejandro
2872,Raquel Goodsell
2873,Rashida Jones
2874,Raul Colon
2875,Raven-Symoné
2876,Ray Baker
2877,Ray Liotta
2878,Ray Magliozzi
2879,Ray Park
2880,Ray Romano
2881,Ray Stevenson
2882,Ray Winstone
2883,Ray Wise
2884,Raymond Alexander Cham Jr.
2885,Raymond Bailey
2886,Raymond Griffiths
2887,Raymond J. Barry
2888,Raymond Ma
2889,Raymond Ochoa
2890,Raymond S. Persi
2891,Rebecca Ferguson
2892,Rebecca Hall
2893,Rebecca Metz
2894,Rebecca Nagan
2895,Rebecca Romijn
2896,Reed Buck
2897,Reese Alexander
2898,Reese Hartwig
2899,Regan Burns
2900,Reggie Lee
2901,Regina King
2902,Reginald Owen
2903,Reginald VelJohnson
2904,Regis Parton
2905,Reiley McClendon
2906,Rena Owen
2907,Rene Russo
2908,René Auberjonois
2909,Renée Elise Goldsberry
2910,Renée Victor
2911,Reta Shaw
2912,Reuben Langdon
2913,Rex Allen
2914,Rex Holman
2915,Rhoda Griffis
2916,Rhys Ifans
2917,Rich Moore
2918,Richard Armitage
2919,Richard Ayoade
2920,Richard Bakalyan
2921,Richard Bonehill
2922,Richard Collier
2923,Richard Deacon
2924,Richard Dreyfuss
2925,Richard E. Grant
2926,Richard Farnsworth
2927,Richard Fitzpatrick
2928,Richard Fullerton
2929,Richard Glover
2930,Richard Griffiths
2931,Richard Haydn
2932,Richard Hunt
2933,Richard Kiel
2934,Richard Kind
2935,Richard Lee-Sung
2936,Richard M. Sherman
2937,Richard Masur
2938,Richard Miro
2939,Richard Mulligan
2940,Richard O'Brien
2941,Richard Petty
2942,Richard Portnow
2943,Richard Price
2944,Richard Riddell
2945,Richard Riehle
2946,Richard Steven Horvitz
2947,Richard Stride
2948,Richard White
2949,Richard Williams
2950,Richard X. Slattery
2951,Rick Avery
2952,Rick Cimino
2953,Rick Ducommun
2954,Rick Logan
2955,Rick Moranis
2956,Rick Overton
2957,Rickey D'Shon Collins
2958,Ricki Lander
2959,Ricky Gervais
2960,Ricky Ullman
2961,Rider Strong
2962,Rif Hutton
2963,Rino Romano
2964,Rip Taylor
2965,Rob Coleman
2966,Rob Minkoff
2967,Rob Paulsen
2968,Rob Riggle
2969,Rob Schneider
2970,Rob Zombie
2971,Robbie Barnett
2972,Robbie Coltrane
2973,Robby Benson
2974,Robert A. Iger
2975,Robert B. Sherman
2976,Robert Benchley
2977,Robert Capron
2978,Robert Carlyle
2979,Robert Carradine
2980,Robert Clotworthy
2981,Robert Crayton
2982,Robert Culp
2983,Robert Curtis Brown
2984,Robert D. Ballard
2985,Robert Downey Jr.
2986,Robert Feggans
2987,Robert Foulk
2988,Robert Guillaume
2989,Robert Harvey
2990,Robert Hays
2991,Robert J. Fraser
2992,Robert Kazinsky
2993,Robert Montcalm
2994,Robert Morgan
2995,Robert Nairne
2996,Robert Oliveri
2997,Robert Pall
2998,Robert Pine
2999,Robert Pralgo
3000,Robert Redford
3001,Robert Stack
3002,Robert Torti
3003,Robert Tygner
3004,Roberto Donati
3005,Robie Lester
3006,Robin Atkin Downes
3007,Robin Riker
3008,Robin Roberts
3009,Robin Thomas
3010,Robin Williams
3011,Robin Wright
3012,Robyn Lively
3013,Rod Hallett
3014,Rod McLachlan
3015,Roddy McDowall
3016,Rodger Bumpass
3017,Rodrigo Pedreira
3018,Roger Aaron Brown
3019,Roger Allers
3020,Roger Bart
3021,Roger Craig Smith
3022,Roger Ebert
3023,Roger Kabler
3024,Roger Malaga
3025,Roger Mobley
3026,Roger Petan
3027,Roger Rees
3028,Rohan Nichol
3029,Roman Coppola
3030,Ron Canada
3031,Ron Clements
3032,Ron Funches
3033,Ron Miller
3034,Ron Perlman
3035,Ronald Pickup
3036,Rondell Sheridan
3037,Ronnie Schell
3038,Ronnie del Carmen
3039,Rosalba Sotelo
3040,Rosalind Chao
3041,Rosario Dawson
3042,Roscoe Lee Browne
3043,Rose Byrne
3044,Rose McIver
3045,Roshon Fegan
3046,"Ross Bagdasarian, Jr."
3047,Ross Butler
3048,Ross Lynch
3049,Ross Marquand
3050,Ross Simanteris
3051,Rowan Blanchard
3052,Roy Barcroft
3053,Roy Billing
3054,Roy Conli
3055,Roy Edward Disney
3056,Roy Roberts
3057,Roz Ryan
3058,Ruby Rose Turner
3059,Rune Temte
3060,Rupert Everett
3061,Rus Blackwell
3062,Russell Balogh
3063,Russell Bobbitt
3064,Russell Boulter
3065,Russell Brand
3066,Russell Darling
3067,Russell Lee
3068,Russell Means
3069,Russi Taylor
3070,Ruth Clifford
3071,Ruth Kobart
3072,Ruth Livier
3073,Ruth Righi
3074,Ruth Zalduondo
3075,Ryan Hurst
3076,Ryan Johnson
3077,Ryan Malgarini
3078,Ryan Merriman
3079,Ryan Novak
3080,Ryan O'Donohue
3081,Ryan Ochoa
3082,Ryan Potter
3083,Ryan Stiles
3084,Ryne Sanborn
3085,Sabrina Bryan
3086,Sabrina Carpenter
3087,Sacha Alexander
3088,Sacha Baron Cohen
3089,Sadie Corre
3090,Sage Ryan
3091,Sally Dworsky
3092,Sally Field
3093,Sally Stockwell
3094,Sally Struthers
3095,Salo Gardner
3096,Salvador Reyes
3097,Sam Denoff
3098,Sam Hargrave
3099,Sam Harris
3100,Sam Lasseter
3101,Sam Lavagnino
3102,Sam Medina
3103,Sam Neill
3104,Sam Peltz
3105,Sam Riley
3106,Sam Rockwell
3107,Samantha Alleyne
3108,Samantha Harris
3109,Sammi Hanratty
3110,Sammy Moore
3111,Samuel E. Wright
3112,Samuel L. Jackson
3113,Samuel Patrick Chu
3114,Samuel Witwer
3115,Sana Amanat
3116,Sandeep Mohan
3117,Sandi Finlay
3118,Sandra Macat
3119,Sandra Oh
3120,Sandra Taylor
3121,Sandy Duncan
3122,Sandy Fox
3123,Santino Fontana
3124,Sara Paxton
3125,Sarah Chalke
3126,Sarah Corrigan
3127,Sarah Francis
3128,Sarah Hudson
3129,Sarah Hyland
3130,Sarah Jeffery
3131,Sarah Jessica Parker
3132,Sarah K. Aezer
3133,Sarah Sayuri Hare
3134,Sarah Silverman
3135,Sarah Vowell
3136,Sarah-Nicole Robles
3137,Sasha Pieterse
3138,Scarlett Johansson
3139,Scarlett Murphy
3140,Scatman Crothers
3141,Scott Adkins
3142,Scott Adsit
3143,Scott Bairstow
3144,Scott Barnes
3145,Scott Capurro
3146,Scott Glenn
3147,Scott Lawrence
3148,Scott McAfee
3149,Scott McNeil
3150,Scott Menville
3151,Scott Stevensen
3152,Scott Stevenson
3153,Scott Tanner
3154,Scott Weinger
3155,Scott Whyte
3156,Scott Wickware
3157,Sean Astin
3158,Sean Bean
3159,Sean Dennis
3160,Sean Donnellan
3161,Sean Giambrone
3162,Sean Gunn
3163,Sean Hayes
3164,Sean Mathieson
3165,Sean McClory
3166,Sean O'Bryan
3167,Sean O'Connell
3168,Seann William Scott
3169,Sebastian Armesto
3170,Sebastian Cabot
3171,Sebastian Stan
3172,Selena Gomez
3173,Selene Luna
3174,Selenis Leyva
3175,Senta Moses
3176,Serinda Swan
3177,Seth Carr
3178,Seth Green
3179,Seth Howard
3180,Seth Robert Dusky
3181,Seth Smith
3182,Shadia Simmons
3183,Shailene Woodley
3184,Shamier Anderson
3185,Shane Baumel
3186,Shane Rangi
3187,Shane Sweet
3188,Shanica Knowles
3189,Shannon Wilcox
3190,Shaun Fleming
3191,Shaun Toub
3192,Shaun Weiss
3193,Shauna Kain
3194,Shauna Rappold
3195,Shawn Ashmore
3196,Shawn Carter
3197,Shawn Levy
3198,Shawn Pyfrom
3199,Shawn Roberts
3200,Sheelah Megill
3201,Sheila Hancock
3202,Sheila McCarthy
3203,Shelley Malil
3204,Sherry Lynn
3205,Sheryl Bernstein
3206,Sheryl Lee Ralph
3207,Shia LaBeouf
3208,Shohreh Aghdashloo
3209,Shu Lan Tuan
3210,Shug Fisher
3211,Sierra McCormick
3212,Sigourney Weaver
3213,Silas Carson
3214,Simon Buckley
3215,Simon Farnaby
3216,Simon J. Williamson
3217,Simon Kunz
3218,Simon Pegg
3219,Simone Kirby
3220,Sinbad
3221,Sissy Spacek
3222,Skai Jackson
3223,Skandar Keynes
3224,Sky Katz
3225,Skylar Astin
3226,Skyler Gisondo
3227,Slash
3228,Slim Pickens
3229,Socorro Herrera
3230,Sofia Carson
3231,Sofia Scarpa Saldanha
3232,Sofia Wylie
3233,Sofía Espinosa
3234,Sol Rosenthal
3235,Soleil Moon Frye
3236,Sonoko Konishi
3237,Soon-Tek Oh
3238,Sophia Di Martino
3239,Sophia Hammons
3240,Sophia Ludwig
3241,Sophia McGregor
3242,Sophie Turner
3243,Sparrow Heatley
3244,Spencer Aste
3245,Spencer Boldman
3246,Spencer Breslin
3247,Spencer Fox
3248,Spencer Garrett
3249,Spencer Lacey Ganus
3250,Spencer Wilding
3251,Stacy Keach
3252,Stan Freberg
3253,Stan Lee
3254,Stanley Frazen
3255,Stanley Tucci
3256,Stefan Ashton Frank
3257,Stefanie Powers
3258,Stefanie Scott
3259,Stellan Skarsgård
3260,Stephanie D'Abruzzo
3261,Stephanie Elstob
3262,Stephanie Silva
3263,Stephanie Szostak
3264,Stephen A. Pope
3265,Stephen Apostolina
3266,Stephen Blackehart
3267,Stephen Boss
3268,Stephen Broussard
3269,Stephen Fry
3270,Stephen Graham
3271,Stephen J. Anderson
3272,Stephen Lang
3273,Stephen McFeely
3274,Stephen Root
3275,Stephen Schaffer
3276,Stephen Tobolowsky
3277,Sterling Holloway
3278,Sterling K. Brown
3279,Sterling Knight
3280,Steve Alterman
3281,Steve Blum
3282,Steve Bulen
3283,Steve Buscemi
3284,Steve Carell
3285,Steve Coogan
3286,Steve Evets
3287,Steve Guttenberg
3288,Steve Martin
3289,Steve Purcell
3290,Steve Restivo
3291,Steve Sansweet
3292,Steve Saunders
3293,Steve Schirripa
3294,Steve Speirs
3295,Steve Susskind
3296,Steve Valentine
3297,Steve Van Wormer
3298,Steve Vining
3299,Steve Whitmire
3300,Steve Zahn
3301,Steven Anthony Lawrence
3302,Steven Cree
3303,Steven Culp
3304,Steven James Griffiths
3305,Steven Spielberg
3306,Steven Weber
3307,Stevie Wermers
3308,Stewart Arnott
3309,Stuart Buchanan
3310,Stuart Pankin
3311,Stuart Scott
3312,Stubby Kaye
3313,Sue Dacre
3314,Susan Blu
3315,Susan Boyd
3316,Susan Brady
3317,Susan Browning
3318,Susan Egan
3319,Susan McBride
3320,Susan Sarandon
3321,Susan Walters
3322,Susanne Blakeslee
3323,Susie Essman
3324,Suzanne Pleshette
3325,Suzanne Ristic
3326,Suzi Barrett
3327,Sydney Walker
3328,Sárközi Olivér
3329,T. J. Miller
3330,T.I.
3331,Tabitha St. Germain
3332,Taborah Johnson
3333,Tadanobu Asano
3334,Tahj Mowry
3335,Taika Waititi
3336,Taku Kawai
3337,Tamera Mowry-Housley
3338,Tamina Pollack-Paris
3339,Tammy Townsend
3340,Tanya Karn
3341,Tanya Newbould
3342,Tara Nicole Hughes
3343,Tara Strong
3344,Taraji P. Henson
3345,Tasha Simms
3346,Tate Donovan
3347,Tatyana Ali
3348,Taylor David
3349,Taylor Dempsey
3350,Taylor Gray
3351,Taylor James
3352,Taylor Kitsch
3353,Taylor Swift
3354,Teal Redmann
3355,Ted Danson
3356,Teddy Newton
3357,Teddy Williams
3358,Temuera Morrison
3359,Tenzing Norgay Trainor
3360,Terence Kelly
3361,Terence McGovern
3362,Terence Stamp
3363,Teresa Ganzel
3364,Teresa Palmer
3365,Teri Hatcher
3366,Terrence Howard
3367,Terri Douglas
3368,Terrie Snell
3369,Terry Notary
3370,Teryl Rothery
3371,Tessa Thompson
3372,Teya Wild
3373,Teyonah Parris
3374,Thayne Jasperson
3375,Thelma Boardman
3376,Theodore F. Kayser
3377,Thom Adcox-Hernandez
3378,Thomas Arnold
3379,Thomas Brodie-Sangster
3380,Thomas Conroy
3381,Thomas Doherty
3382,Thomas F. Wilson
3383,Thomas Haden Church
3384,Thomas Ian Nicholas
3385,Thomas Kail
3386,Thomas Kretschmann
3387,Thomas Lennon
3388,Thomas M. Wright
3389,Thomas McHugh
3390,Thomas Q. Morris
3391,Thomas Roberts
3392,Thomas Schumacher
3393,Thurl Ravenscroft
3394,Tia Carrere
3395,Tia Mowry-Hardrict
3396,Tiffany Sander McKenzie
3397,Tiffany Thornton
3398,Til Schweiger
3399,Tilda Swinton
3400,Tim Allen
3401,Tim Bentinck
3402,Tim Blake Nelson
3403,Tim Burton
3404,Tim Considine
3405,Tim Conway
3406,Tim Curry
3407,Tim Guinee
3408,Tim Halpin
3409,Tim Heidecker
3410,Tim Lagasse
3411,Tim McGraw
3412,Tim McInnerny
3413,Tim Meadows
3414,Tim Mertens
3415,Tim Nordquist
3416,Tim Post
3417,Tim Reid
3418,Tim Rose
3419,Tim Ware
3420,Timothy Carr
3421,Timothy Dalton
3422,Timothy Simons
3423,Timothy Spall
3424,Timothy Stack
3425,Timothy West
3426,Tina Benko
3427,Tina Fey
3428,Tina Simmons
3429,Tisha Campbell-Martin
3430,Tisha Vaculin
3431,Tiya Sircar
3432,Tobias James-Samuels
3433,Tobie Windham
3434,Toby Hefferman
3435,Toby Jones
3436,Toby Kebbell
3437,Todd Michael Schwartzman
3438,Todd Schneider
3439,Todd Stashwick
3440,Toks Olagundoye
3441,Tom Everett Scott
3442,Tom Hanks
3443,Tom Heaton
3444,Tom Hiddleston
3445,Tom Hines
3446,Tom Holland
3447,Tom Hollander
3448,Tom Hulce
3449,Tom Kane
3450,Tom Kenny
3451,Tom MacNeill
3452,Tom Magliozzi
3453,Tom Morello
3454,Tom Nowicki
3455,Tom Selleck
3456,Tom Skerritt
3457,Tom Turbiville
3458,Tom Vaughan-Lawlor
3459,Tom Virtue
3460,Tommy Davidson
3461,Tommy Kirk
3462,Tommy Lee Jones
3463,Tone Loc
3464,Toni Trucks
3465,Tony Anselmo
3466,Tony Bennett
3467,Tony Clarkin
3468,Tony Cox
3469,Tony Curran
3470,Tony Fucile
3471,Tony Giroux
3472,Tony Hale
3473,Tony Jay
3474,Tony Nappo
3475,Tony Russel
3476,Tony Shalhoub
3477,Topo Wresniwiro
3478,Torbin Xan Bullock
3479,Tracey Ullman
3480,Tracy Morgan
3481,Tracy Reiner
3482,Travis Oates
3483,Travis Willingham
3484,Tress MacNeille
3485,Trevor Butterfield
3486,Trevor Devall
3487,Trevor Tordjman
3488,Tricia Helfer
3489,Troy Baker
3490,Troy Evans
3491,Trujo
3492,Tsai Chin
3493,Tucker Albrizzi
3494,Tucker Gilmore
3495,Tux Akindoyeni
3496,Ty Burrell
3497,Ty Hodges
3498,Ty Hurley
3499,Ty O'Neal
3500,Ty Panitz
3501,Ty Simpkins
3502,Tye Sheridan
3503,Tyler Alexander Mann
3504,Tyler Bunch
3505,Tyler Layton-Olson
3506,Tyler Patrick Jones
3507,Tyler Posey
3508,Tyra Banks
3509,Tyree Brown
3510,Tyrel Jackson Williams
3511,Tyrone Kearns
3512,Tyrone Love
3513,Uma Thurman
3514,Umit Ulgen
3515,Usher
3516,Utkarsh Ambudkar
3517,Val Bettin
3518,Val Kilmer
3519,Valentin de Vargas
3520,Valeria Maldonado
3521,Valerie Taylor
3522,Valerie Tian
3523,Vanessa Branch
3524,Vanessa Hudgens
3525,Vanessa Lengies
3526,Vanessa Marshall
3527,Vanessa Ross
3528,Vanessa Williams
3529,Vaughn Taylor
3530,Velibor Topic
3531,Vera Farmiga
3532,Vera Miles
3533,Verna Felton
3534,Vernee Watson-Johnson
3535,Verona Blue
3536,Veronica Alicino
3537,Veronica Lauren
3538,Vicki Davis
3539,Vicki Lewis
3540,Victor Cruz
3541,Victor DiMattia
3542,Victor Garber
3543,Victoria Clark
3544,Victoria Willing
3545,Vin Diesel
3546,Vince Corazza
3547,Vince Deadrick Jr.
3548,Vincent Cassel
3549,Vincent Larusso
3550,Vincent Martella
3551,Vinette Robinson
3552,Ving Rhames
3553,Vinnie Jones
3554,Virginia Vincent
3555,Vito Scotti
3556,Vivianne Nacif
3557,Wallace Shawn
3558,Wally Wingert
3559,Walt Disney
3560,Walter Catlett
3561,Walter Cronkite
3562,Walter Fitzgerald
3563,Walter Henry
3564,Wanda Sykes
3565,Ward Kimball
3566,Warde Donovan
3567,Warren Rice
3568,Warwick Davis
3569,Waymond Lee
3570,Wayne Allwine
3571,Wayne Brady
3572,Wayne Knight
3573,Wayne Robson
3574,Wendi McLendon-Covey
3575,Wendie Malick
3576,Wendy Crewson
3577,Wendy Cutler
3578,Wendy Makkena
3579,Wes Studi
3580,Whoopi Goldberg
3581,Wilbur Fitzgerald
3582,Wilbur Pauley
3583,Will Arnett
3584,Will Friedle
3585,Will Ryan
3586,Will Sasso
3587,Will Smith
3588,Will.i.am
3589,Willem Dafoe
3590,William Bakewell
3591,William Brent
3592,William Devlin
3593,William Fawcett
3594,William H. Macy
3595,William Hurt
3596,William Loftis
3597,William Morgan Sheppard
3598,William Moseley
3599,William Phipps
3600,William Samples
3601,William Schallert
3602,William Shatner
3603,William Todd-Jones
3604,Willie Coppen
3605,Willie Garson
3606,Wilma Bonet
3607,Wilmer Valderrama
3608,Winnie Mzembe
3609,Winona Ryder
3610,Winslow Fegley
3611,Winston Duke
3612,Winston Hibler
3613,Wolfgang Reitherman
3614,Wood Harris
3615,Wunmi Mosaku
3616,Wyatt Oleff
3617,Wyatt Russell
3618,Xantha Radley
3619,Yani Gellman
3620,Yeardley Smith
3621,Yolanda Wood
3622,Yuji Okumoto
3623,Yuri Lowenthal
3624,Yvette Nicole Brown
3625,Yōko Ono
3626,Zac Efron
3627,Zach Braff
3628,Zach Burke
3629,Zach Galifianakis
3630,Zachary Bostrom
3631,Zachary Gibson
3632,Zachary Gordon
3633,Zachary Levi
3634,Zack Duhame
3635,Zahf Paroo
3636,Zamani Wilder
3637,Zane Holtz
3638,Zehra Leverman
3639,Zena Grey
3640,Zendaya
3641,Zeno Robinson
3642,Zoe Caldwell
3643,Zoe Saldana
3644,Zola Williams
3645,Óscar Bonfiglio
