title,release_year
Duck the Halls: A Mickey Mouse Christmas Special,2016
Ernest Saves Christmas,1988
"Dr. Oakley, Yukon Vet",2013
Ice Age: A Mammoth Christmas,2011
The Queen Family Singalong,2021
The Beatles: Get Back,2021
Becoming Cousteau,2021
Hawkeye,2021
Port Protection Alaska,2015
Secrets of the Zoo: Tampa,2019
A Muppets Christmas: Letters To Santa,2008
Adventure Thru the Walt Disney Archives,2020
Puppy for Hanukkah,2020
The Pixar Story,2007
America the Beautiful,2021
Baymax!,2021
Ciao Alberto,2021
Disney Fancy Nancy,2018
Disney Intertwined,2021
Enchanted,2007
Feast,2014
Frozen Fever,2015
Get a Horse!,2013
Home Sweet Home Alone,2021
Jungle Cruise,2021
Limitless with Chris Hemsworth,2021
Marvel Studios’ 2021 Disney+ Day Special,2021
Obi-Wan Kenobi,2021
Olaf Presents,2021
Paperman,2012
Pixar 2021 Disney+ Day Special,2021
Shang-Chi and The Legend of The Ten Rings,2021
Spin,2021
Tangled Ever After,2012
The Ballad of Nessie,2011
The Little Matchgirl,2006
The Making of Happier Than Ever: A Love Letter to Los Angeles,2021
The Proud Family: Louder and Prouder,2021
The Simpsons in Plusaversary,2021
Tick Tock Tale,2010
Under the Helmet: The Legacy of Boba Fett,2021
Willow,2021
Alvin and the Chipmunks: Chipwrecked,2011
Jingle All The Way,1996
Jingle All the Way 2,2014
Prep & Landing: Operation Secret Santa,2010
Santa Buddies: The Legend of Santa Paws,2009
Snow Buddies,2008
Space Buddies,2009
The Search for Santa Paws,2010
X-Men: First Class,2011
Disney Amphibia,2018
Photo Ark,2017
Storm Rising,2021
Bob Ballard: An Explorer's Life,2021
"McFarland, USA",2015
Rookie of the Year,1993
Thumbelina,1994
PJ Masks,2015
The Wild Life of Dr. Ole,2021
Lost Cities with Albert Lin: The Great Flood,2021
Megacity of the Maya Warriors,2021
Apollo: Back To The Moon,2019
Just Beyond,2021
Secrets Of The Zoo: Down Under,2020
Secrets of the Zoo: North Carolina,2020
The Wizard of Paws,2021
Zombies: Addison's Moonstone Mystery,2020
Just Roll With It: You Decide Live!,2019
Mickey's Tale of Two Witches,2021
Muppets Haunted Mansion,2021
The Most Magical Story on Earth: 50 Years of Walt Disney World,2021
Under Wraps,2021
Among the Stars,2021
Black Widow,2021
Drain the Oceans,2017
Drain The Oceans: The Mississippi River & Arctic War,2021
Fauci,2021
IMPACT with Gal Gadot,2021
The Ghost and Molly McGee,2021
Alvin and the Chipmunks,2007
Alvin and the Chipmunks: The Road Chip,2015
LEGO Star Wars Terrifying Tales,2021
Maleficent,2014
The Scariest Story Ever: A Mickey Mouse Halloween Spooktacular,2017
Disney Vampirina,2017
Disney's Magic Bake-Off,2021
Great Barrier Reef,2020
Ready for Preschool,2019
Rolie Polie Olie,1998
Star Wars Galaxy of Sounds,2021
The Hatcher Family Dairy,2021
The Simpsons,1989
A Spark Story,2021
Spooky Buddies,2011
The Fault in Our Stars,2014
Dog: Impossible,2019
Spidey And His Amazing Friends,2021
Star Wars: Visions,2021
Confessions of a Shopaholic,2009
Descendants: Royal Wedding,2021
Disney's Broadway Hits at London's Royal Albert Hall,2016
Flooded Tombs of the Nile,2021
Jade Eyed Leopard,2020
Nona,2021
Smoky Mountain Park Rangers,2021
Life Below Zero,2012
Miraculous: Tales Of Ladybug & Cat Noir,2015
Unknown Waters with Jeremy Wade,2021
Far Away From Raven’s Home,2021
Pirates of the Caribbean: On Stranger Tides,2011
Twenty Something,2021
"Doogie Kamealoha, M.D.",2021
"Mira, Royal Detective",2020
Pepper Ann,1997
The Incredible Dr. Pol,2011
Happier Than Ever: A Love Letter to Los Angeles,2021
X-Men: Dark Phoenix,2019
Alaska Animal Rescue,2019
Dug Days,2021
Cruella,2021
Dan in Real Life,2007
Disney Princess Remixed - An Ultimate Princess Celebration,2021
Marvel One-Shot: All Hail the King,2014
Underdog,2007
Dr. K's Exotic Animal ER,2014
Gigantosaurus,2018
Life Below Zero: Next Generation,2020
Eragon,2006
Growing Up Animal,2021
Fantastic Four,2005
X-Men,2000
America's Funniest Home Videos: Animal Edition,2021
Chicken Squad,2021
Disney Presents Goofy in How to Stay at Home,2021
Gabby Duran And The Unsittables,2018
What If...?,2021
Beverly Hills Chihuahua 2,2011
Beverly Hills Chihuahua 3: Viva La Fiesta!,2012
Killer Shark vs Killer Whale,2021
Mrs. Doubtfire,1993
Cesar Millan: Better Human Better Dog,2021
Walt Disney Animation Studios: Short Circuit Experimental Films,2020
Built for Mars: The Perseverance Rover,2021
Garfield,2004
Chip 'n' Dale: Park Life,2021
Critter Fixers: Country Vets,2020
Disney Junior T.O.T.S.,2018
Mickey Mouse Funhouse,2021
Minnie's Bow-Toons: Party Palace Pals,2021
Turning the Tables with Robin Roberts,2021
Ice Age: The Meltdown,2006
Playing with Sharks,2021
Shark vs. Surfer,2020
Shark vs. Whale,2020
Stuntman,2021
Walking with Dinosaurs: The Movie,2013
What the Shark?,2020
Behind the Attraction,2021
Disney The Owl House,2020
Meet Spidey and His Amazing Friends (Shorts),2021
Mission Force One,2017
Turner & Hooch,2021
Most Wanted Sharks,2020
Secrets of the Bull Shark,2020
Shark Attack Files,2021
Shark Attack Investigation: The Paige Winter Story,2021
Sharkcano,2020
We Bought a Zoo,2011
World's Biggest Bullshark,2021
World's Most Dangerous Shark?,2021
So Random!,2011
Flicka,2006
"Miraculous World: Shanghai, The Legend of Ladydragon",2021
Orca vs. Great White,2021
Rogue Shark?,2021
Shark Beach with Chris Hemsworth,2021
Shark Gangs,2021
The Croc That Ate Jaws,2021
When Sharks Attack,2013
Breaking Bobby Bones,2021
Mickey Mouse Mixed-Up Adventures,2019
Monsters at Work,2021
"The Good, The Bart, and The Loki",2021
Disney Raven's Home,2016
The Sandlot,1993
The Sandlot 2,2005
Adventures in Babysitting,1987
Running Wild with Bear Grylls,2019
The Mysterious Benedict Society,2021
Wolfgang,2021
Dino Ranch,2021
Disney Just Roll With It,2018
"Heartland Docs, DVM",2019
Luca,2021
Star Wars Vintage: Droids,1985
Puppy Dog Pals,2016
Strange Magic,2015
The Happiest Millionaire,1967
The Pacifier,2005
Zenimation,2020
Loki,2021
Gordon Ramsay: Uncharted,2018
MUPPET BABIES,2017
Raya and the Last Dragon,2021
Red Tails,2012
Us Again,2021
American Eid,2021
Bluey,2019
Dinner Is Served,2021
Disney Sydney To The Max,2018
Growing Fangs,2021
Kingdom of the Polar Bears,2021
Let's Be Tigers,2021
The Last of the Chupacabras,2021
The Little Prince(ss),2021
Wicked Tuna,2016
Big City Greens,2017
Fury Files,2013
Ice Road Rescue,2015
Tinker Bell and the Legend of the NeverBeast,2014
Schoolhouse Rock!,1973
Disney Special Agent Oso: Three Healthy Steps (Shorts),2011
Race to the Center of the Earth,2021
Special Agent Oso,2009
X-Men: The Last Stand,2006
The Incredible Hulk,1996
Fantastic Four: Rise of the Silver Surfer,2007
Wander Over Yonder,2013
Wild Hearts Can't Be Broken,1991
"Maggie Simpson in ""The Force Awakens from its Nap""",2021
Star Wars Biomes,2021
Star Wars Vehicle Flythroughs,2021
The Bad Batch,2021
Spider-Man,1994
22 vs. Earth,2021
Adventures in Wonderland,1996
Disney My Music Story SUKIMASWITCH,2020
DuckTales,2017
Oklahoma!,1956
Baby's Day Out,1994
Being the Queen,2020
Liv and Maddie,2013
Secrets of the Whales,2021
Big Shot,2021
Earth Moods,2021
Primal Survivor,2014
Rio,2011
The Kid Who Would Be King,2019
Treasure Buddies,2012
White Fang 2: Myth of the White Wolf,1994
Cesar Millan: The Real Story,2012
Future-Worm!,2016
Kick Buttowski: Suburban Daredevil,2010
Man of the House,1995
Mark Twain and Me,1991
Squanto: A Warrior's Tale,1994
Caravan of Courage: An Ewok Adventure,1984
Ewoks: The Battle for Endor,1985
Higglytown Heroes,2004
Island at the Top of the World,1974
Made in a Day,2020
Night at the Museum,2006
Secrets Of The Zoo,2017
Sharks Of The Bermuda Triangle,2020
Star Wars Vintage: Clone Wars 2D Micro-Series,2021
Star Wars Vintage: Story of the Faithful Wookiee,2021
Star Wars: Ewoks,1985
The Big Year,2011
The Last Ice,2020
Third Man on the Mountain,1959
Walk the Prank,2016
Gnomeo & Juliet,2011
Pickle and Peanut,2015
The Mighty Ducks: Game Changers,2021
Disney Big Hero 6 The Series,2017
Disney My Music Story: Perfume,2019
Mexico Untamed,2018
The Falcon and The Winter Soldier,2021
Doc McStuffins: The Doc Is In,2020
Marvel Studios ASSEMBLED,2021
Miss Peregrine's Home for Peculiar Children,2016
Own the Room,2021
Garfield: A Tail of Two Kitties,2006
American Dragon: Jake Long,2004
Car SOS,2012
Disney Channel Games 2008,2008
Disney Roll It Back (Shorts),2019
Dog With a Blog,2012
Mickey Go Local,2019
Myth: A Frozen Tale,2021
Okavango: River of Dreams,2020
Pair of Kings,2010
Secrets of Sulphur Springs,2021
Shanghai Disney Resort Grand Opening Gala,2016
Cheaper By the Dozen,2003
Cheaper by the Dozen 2,2005
Flora & Ulysses,2021
The Book of Life,2014
The Muppet Show,1976
Marvel Battleworld: Mystery of the Thanostones,2020
Marvel's Behind the Mask,2021
Rodgers & Hammerstein's Cinderella,1997
You Again,2010
Disney My Music Story: Yoshiki,2019
Expedition Everest,2020
Upside-Down Magic,2020
Wicked Tuna: Outer Banks,2013
Dinosaurs,1991
Texas Storm Squad,2020
Pixar Popcorn,2021
Wild Uganda,2018
Elena of Avalor,2015
Isle of Dogs,2018
Mary Poppins Returns,2018
WandaVision,2021
Disney Fam Jam,2020
Ferdinand,2017
Marvel Studios LEGENDS,2021
Toy Story: That Time Forgot,2014
700 Sharks,2018
Big Sharks Rule,2018
Dr. Seuss' Horton Hears a Who!,2008
Great Shark Chow Down,2019
Mega Hammerhead,2016
Burrow,2020
Cosmos: Possible Worlds,2020
Disney Gallery / Star Wars: The Mandalorian,2020
Max Keeble's Big Move,2001
Soul,2020
Arendelle Castle Yule Log,2020
Buried Truth of the Maya,2020
Disney Parks Sunrise Series,2021
Dory's Reef Cam,2020
Into the Woods,2014
"Miraculous World: New York, United Heroez",2020
On Pointe,2020
Wild Nordic,2019
Disney Channel's Epic Holiday Showdown,2020
Disney Holiday Magic Quest,2020
Gender Revolution: A Journey With Katie Couric,2017
High School Musical: The Musical: The Holiday Special,2020
Ralph Breaks the Internet,2018
Safety,2020
Anastasia,1997
Godmothered,2020
Man vs. Shark,2019
Mulan,2020
Sky High,2005
The Disney Holiday Singalong,2020
The Nutcracker and the Four Realms,2018
"Alexander and the Terrible, Horrible, No Good, Very Bad Day",2014
Black Beauty,2020
From Our Family to Yours,2020
Once Upon a Time in Wonderland,2013
Party Animals,2016
Folklore: the long pond studio sessions,2020
Bia,2019
Marvel's 616,2020
Planes,2013
Planes: Fire & Rescue,2014
The Real Right Stuff,2020
The Wonderful World of Mickey Mouse,2020
LEGO Star Wars Holiday Special,2020
Home Alone,1990
Home Alone 2: Lost in New York,1992
Home Alone 3,1997
Inside Pixar,2020
Petra: Secrets of the Ancient Builders,2019
Ultimate Viking Sword,2019
Disney's A Christmas Carol,2009
Fancy Nancy (Shorts),2019
Goldie & Bear,2015
Mr. Magoo,1997
Prep & Landing,2009
Prep & Landing: Naughty vs. Nice,2011
Disney Channel Halloween House Party,2020
The Mandalorian,2019
The Sorcerer's Apprentice,2010
X-Ray Earth,2020
Gathering Storm,2020
India From Above,2019
Marvel Super Hero Adventures,2017
Once Upon a Snowman,2020
Pompeii: Secrets Of The Dead,2019
Toy Story of Terror!,2013
Beverly Hills Chihuahua,2008
Clouds,2020
Lost on Everest,2020
Marvel's Iron Man & Captain America: Heroes United,2014
Meet The Chimps,2020
The Rocketeer,2019
Oil Spill of The Century,2019
The Chronicles Of Narnia: The Voyage of the Dawn Treader,2010
The Right Stuff,2020
Wild Portugal,2020
X2,2003
Mr. Holland's Opus,1996
Disneynature Oceans,2010
Hidden Figures,2016
Magic of Disney's Animal Kingdom,2020
Secret Society of Second-Born Royals,2020
The Giant Robber Crab,2019
Wild Central America,2020
Ancient China from Above,2020
Becoming,2020
Coop & Cami Ask The World,2018
Europe from Above,2019
Ever After: A Cinderella Story,1998
Kingdom of the Mummies,2020
Morning Light,2008
Notre Dame: Race Against The Inferno,2019
Once Upon a Time,2011
Soy Luna,2015
Violetta,2011
Christopher Robin,2018
D2: The Mighty Ducks,1994
D3: The Mighty Ducks,1996
Earth to Ned,2020
Trick or Treat,1952
Alice Through the Looking Glass,2016
Phineas and Ferb The Movie: Candace Against the Universe,2020
Back to the Titanic,2020
Beauty and the Beast,2017
Mars: One Day on the Red Planet,2020
The One and Only Ivan,2020
"Weirdest, Bestest, Truest",2018
Disney Junior T.O.T.S.: Calling All T.O.T.S. (Shorts),2020
Disney Zombies 2,2020
India's Wild Leopards,2020
Jungle Animal Rescue,2019
Magic Camp,2020
Marvel Studios' Ant-Man and the Wasp,2018
Nature Boom Time,2016
Sam's Zookeeper Challenge,2018
Scuba Sam's World,2018
Spaced Out,2018
The Greatest Showman,2017
Weird But True!,2017
Wild Cats of India,2020
Howard,2020
Prince of Persia: The Sands of Time,2010
Star Wars: Galaxy's Edge-Adventure Awaits,2019
The Hidden Kingdoms of China,2020
The Peanuts Movie,2015
UFO Europe: The Untold Stories,2012
Animal Showdown,2018
Best Job Ever,2018
Big Cat Games,2015
Black Is King,2020
Cradle of the Gods,2012
Destination World,2018
Fearless Adventures with Jack Randall,2018
Hunt for the Abominable Snowman,2011
Incredibles 2,2018
King Fishers,2013
Lost Temple of the Inca,2020
Marvel Funko Shorts,2016
Muppets Now,2020
Surviving the Mount St. Helens Disaster,2020
What Sam Sees,2018
Pirates of the Caribbean: Dead Men Tell No Tales,2017
PJ Masks (Shorts),2017
Rogue Trip,2020
Wild Congo,2014
Wild Sri Lanka,2016
A Pre-Opening Report from Disneyland,1955
Diary of a Wimpy Kid: The Long Haul,2017
Disney Junior Music Lullabies,2018
Lost City of Machu Picchu,2019
Super Robot Monkey Team Hyperforce Go!,2004
The Mouseketeers at Walt Disney World,1977
Wild Chile,2017
X-Men: Apocalypse,2016
Cosmos: A Spacetime Odyssey,2013
Hamilton: History Has Its Eyes on You,2020
Solo: A Star Wars Story,2018
X-Men: Days of Future Past,2014
The Undefeated Presents: Hamilton In-Depth,2020
Animal ER,2016
Diary of a Wimpy Kid: Rodrick Rules,2011
Hamilton,2020
Ice Age: Collision Course,2016
Race to Witch Mountain,2009
The Big Green,1995
The Mighty Ducks,1992
While You Were Sleeping,1995
Disney A.N.T. Farm,2011
Into the Unknown: Making Frozen 2,2020
Man in Space,1955
Mars and Beyond,1957
Marvel Studios' Avengers: Infinity War,2018
Tarzan,1999
Tarzan II,2005
101 Dalmatians (Series),1997
Big Sur: Wild California,2010
Disney Junior Muppet Babies Play Date,2018
Egypt's Treasure Guardians,2016
The Jungle Book,2016
The Pirate Fairy,2014
Trail Mix-Up,1993
Tummy Trouble,1989
Artemis Fowl,2020
Mighty Med,2013
The Liberty Story,1957
The Story of the Animated Drawing,1955
Walt & El Grupo,2009
Alaska's Grizzly Gauntlet,2018
America's Greatest Animals,2012
Chasing the Equinox,2019
Howie Mandel's Animals Doing Things,2017
Japan: Between Earth and Sky,2017
Percy Jackson & The Olympians: The Lightning Thief,2010
Secrets of Wild India,2012
The Greeks,2016
Wild Hawaii,2014
Women Of Impact: Changing The World,2019
"Maggie Simpson in ""The Longest Daycare""",2012
Mickey and the Seal,1948
The Evermoor Chronicles,2015
The Moon-Spinners,1964
Doc McStuffins,2011
Fantastic Mr. Fox,2009
"Hello, Dolly!",1969
Marvel's Future Avengers,2017
Out,2020
The Big Fib,2019
The Boys: The Sherman Brothers' Story,2009
It's a Dog's Life with Bill Farmer,2020
Maleficent: Mistress of Evil,2019
Star Wars: The Rise of Skywalker (Episode IX),2019
John Carter,2012
Awesome Animals,2017
Birth of Europe,2014
Bride of Boogedy,1987
Buried Secrets Of The Bible With Albert Lin,2019
Disney Prop Culture,2020
George of the Jungle,1997
Homeward Bound II: Lost in San Francisco,1996
Homeward Bound: The Incredible Journey,1993
How to Play Baseball,1942
In Beaver Valley,1950
Lost Treasures Of Egypt,2018
Love & Vets,2017
Nature's Half Acre,1951
Prairie Dog Manor,2019
Prowlers of the Everglades,1953
The Princess Bride,1987
United States Of Animals,2015
Unlikely Animal Friends,2012
Water Birds,1952
National Treasure,2004
Born Wild: The Next Generation,2020
America's Funniest Home Videos,1989
The Olympic Elk,1952
Tangled: The Series,2016
Jane Goodall: The Hope,2020
Brain Games,2011
Disney Mickey and the Roadster Racers - Chip 'N' Dale's Nutty Tales (Shorts),2017
Let's Stick Together,1952
Pluto's Purchase,1948
Tron Uprising,2011
A Celebration of the Music from Coco,2020
Disney Playtime with Puppy Dog Pals (Shorts),2017
"Maggie Simpson in ""Playdate with Destiny""",2020
Paradise Islands,2017
Tut's Treasures: Hidden Secrets,2018
A Tale of Two Critters,1977
All in a Nutshell,1949
Disneynature Penguins,2019
Diving with Dolphins,2020
Dolphin Reef,2018
Don's Fountain of Youth,1953
Donald's Dog Laundry,1940
Double Dribble,1946
Dragon Around,1954
Elephant,2020
Elmer Elephant,1936
Fish Hooks,2010
How To Play Football,1944
In the Footsteps of Elephant,2020
"Lambert, The Sheepish Lion",1952
On Ice,1935
Onward,2020
Out of Scale,1951
Penguins: Life on the Edge,2020
Pluto's Party,1952
Sea Scouts,1939
Sonny With A Chance,2008
The Boy Who Talked to Badgers,1975
The New Neighbor,1953
The Small One,1978
The Straight Story,1999
Frankenweenie,2012
Mars Needs Moms,2011
Prom,2011
The Last Song,2010
The Odd Life of Timothy Green,2012
Be Our Chef,2020
A Wrinkle in Time,2018
Disney I Didn't Do It,2013
Disney Insider,2020
Disney Vampirina Ghoul Girls Rock! (Shorts),2017
G-Force,2009
Frozen 2,2019
Stargirl,2020
The Finest Hours,2016
The Sandlot: Heading Home,2007
Bedtime Stories,2008
Marvel Studios' Black Panther,2018
101 Dalmatian Street,2018
Disney Phineas and Ferb: Phineas and Ferb Star Wars,2014
Shop Class,2020
Viking Warrior Women,2019
Star Wars Resistance,2018
Lost Cities With Albert Lin,2019
Marvel Rising: Operation Shuri,2019
Marvel Rising: Playing With Fire,2019
Star Wars: The Clone Wars,2008
Marvel's Iron Man & Hulk: Heroes United,2013
Because of Winn-Dixie,2005
Fairy Tale Weddings,2017
"My Dog, the Thief",1969
Splash,1984
That's So Raven,2002
Timmy Failure: Mistakes Were Made,2020
Toy Story 4,2019
Descendants 3,2019
Around the World in 80 Days,2004
Big Business,1988
Lamp Life,2020
The Lion King,2019
Diary of a Future President,2020
High School Musical: The Musical: The Series: The Sing-Along,2019
America's National Parks,2015
Continent 7: Antarctica,2016
Disney Randy Cunningham: 9th Grade Ninja,2011
Muppet Babies Show and Tell (Shorts),2017
The Lodge,2016
Wild Russia,2018
Destino,2003
Forky Asks a Question: What is Reading?,2020
Loop,2020
Marvel's Runaways,2017
Aladdin (2019),2019
Forky Asks a Question: What is Cheese?,2020
Austin & Ally,2011
Billy Dilley's Super-Duper Subterranean Summer,2016
Cars Toon: El Materdor,2008
Cars Toon: Moon Mater,2010
Cars Toon: Rescue Squad Mater,2010
Cars Toon: Spinning,2013
Cars Toon: Time Travel Mater,2012
Cars Toon: Tokyo Mater,2008
Cars Toon: Unidentified Flying Mater,2010
Cars Toons: Bugged,2013
Cool Runnings,1993
Drain Alcatraz,2017
Drain The Bermuda Triangle,2014
Drain The Great Lakes,2011
Drain The Ocean: WWII,2016
Drain The Sunken Pirate City,2017
Drain The Titanic,2015
First Class Chefs: Family Style,2015
Hacksaw,1971
Holes,2003
Marvel 75 Years: From Pulp to Pop!,2014
Marvel Rising: Battle of The Bands,2019
One Strange Rock,2017
Out There with Jack Randall,2019
Super Rhino,2009
The Proud Family,2001
The Super Hero Squad,2009
Year Million,2016
Forky Asks a Question: What is a Pet?,2019
Star Wars: The Last Jedi (Episode VIII),2017
Forky Asks a Question: What is a Leader?,2019
George of the Jungle 2,2003
High School Musical: The Musical: The Series: The Special,2019
Pick of the Litter,2019
Togo,2019
Forky Asks a Question: What is a Computer?,2019
Wind,2019
Forky Asks a Question: What is Love?,2019
One Day at Disney (Shorts),2019
Marvel Studios' Thor: Ragnarok,2017
Disney The Lion Guard,2015
One Day at Disney,2019
Disney Star vs. the Forces of Evil,2014
Expedition Amelia,2019
Glory Road,2006
Henry Hugglemonster,2012
Incredible! The Story of Dr. Pol,2015
Marvel Rising: Chasing Ghosts,2019
Marvel Rising: Heart of Iron,2019
Miles From Tomorrowland,2014
Sheriff Callie's Wild West,2011
Supercar Megabuild,2016
The Incredible Dr. Pol: Blue Ribbon Kids,2016
Coco,2017
Coco (in Spanish),2017
Forky Asks a Question: What is Time?,2019
The Wonderful World of Disney Presents The Little Mermaid Live!,2019
Forky Asks a Question: What is Art?,2019
Mickey Mouse Roadster Racers,2017
"Happy Birthday, Mickey!",2019
Forky Asks a Question: What is a Friend?,2019
10 Things I Hate About You,1999
101 Dalmatians,1961
101 Dalmatians II: Patch's London Adventure,2003
102 Dalmatians,2000
12 Dates of Christmas,2011
"20,000 Leagues Under the Sea",1954
A Bug's Life,1998
A Goofy Movie,1995
A Kid in King Arthur's Court,1995
A Knight for a Day,1946
A Ring of Endless Light,2002
Aladdin (1992),1992
Aladdin and the King of Thieves,1996
Aladdin: The Return of Jafar,1994
Alice in Wonderland,1951
Aliens of the Deep,2005
Alley Cats Strike!,2000
Almost Angels,1962
America's Heart & Soul,2004
Amy,1981
An Extremely Goofy Movie,2000
Andi Mack,2016
Annie,1999
Apollo: Missions To The Moon,2019
Atlantis Rising,2017
Atlantis: Milo's Return,2003
Atlantis: The Lost Empire,2001
Auntie Edna,2018
Avatar,2009
Babes in the Woods,1932
Babes in Toyland,1961
Bambi,1942
Bambi II,2006
Bao,2018
Beach Picnic,1939
Bearly Asleep,1955
Beauty and the Beast: Belle's Magical World,1998
Beauty and the Beast: The Enchanted Christmas,1997
Beezy Bear,1955
Before the Flood,2016
Benji the Hunted,1987
Best Friends Whenever,2015
Big City Greens (Shorts),2017
Big Hero 6,2014
Big Hero 6 The Series (Shorts),2017
Bizarre Dinosaurs,2009
Blank Check,1994
Boat Builders,1938
Bolt,2008
Bone Bandit,1948
Bonkers,1993
Boundin',2004
Boy Meets World,1993
Brave,2012
Brave Little Toaster to the Rescue,1999
Breaking2,2017
Brink!,1998
Brother Bear,2003
Brother Bear 2,2006
Buffalo Dreams,2005
Bug Juice: My Adventures at Camp,2017
BURN-E,2008
Cadet Kelly,2002
Camp Nowhere,1994
Camp Rock,2008
Camp Rock 2: The Final Jam,2010
Can of Worms,1999
Candleshoe,1978
Canine Caddy,1941
Cars,2006
Cars 2,2011
Cars 3,2017
Cars Toon: Air Mater,2011
Cars Toon: Heavy Metal Mater,2010
Cars Toon: Hiccups,2013
Cars Toon: Mater Private Eye,2010
Cars Toon: Mater the Greater,2008
Cars Toon: Monster Truck Mater,2010
Cars Toon: The Radiator Springs 500 1/2,2014
Casebusters,1986
Cheetah,1989
Chef Donald,1941
Chicken Little,2005
Chip 'n Dale's Rescue Rangers,1989
Chip an' Dale,1947
Cinderella,1950
Cinderella II: Dreams Come True,2002
Cinderella III: A Twist in Time,2007
Clock Cleaners,1937
Cloud 9,2014
College Road Trip,2008
Confessions of a Teenage Drama Queen,2004
Coop & Cami Ask The World (Shorts),2018
Corn Chips,1951
Cow Belles,2006
Crash & Bernstein,2012
Dadnapped,2009
Darby O'Gill and the Little People,1959
Darkwing Duck,1991
Davy Crockett and the River Pirates,1956
"Davy Crockett, King of the Wild Frontier",1955
Day & Night,2010
Decorating Disney: Holiday Magic,2017
Deep Blue,2005
Descendants 2,2017
Diary Of A Wimpy Kid,2010
Dinosaur,2000
Disney Adventures in Babysitting,2016
Disney Avalon High,2010
Disney Bad Hair Day,2015
Disney Bizaardvark,2015
Disney Den Brother,2010
Disney Descendants,2015
Disney Descendants Wicked World (Shorts),2015
Disney DuckTales (Shorts),2016
Disney Evermoor,2017
Disney Family Sundays,2019
Disney Fast Layne,2018
Disney Girl vs. Monster,2012
Disney Gravity Falls,2011
Disney Gravity Falls (Shorts),2012
Disney Jake and the Never Land Pirates,2010
Disney JONAS,2008
Disney Junior Music Nursery Rhymes,2017
Disney K.C. Undercover,2014
Disney Lab Rats: Elite Force,2015
Disney Legend of the Three Caballeros,2017
Disney Mickey Mouse Clubhouse,2005
Disney Milo Murphy's Law,2016
Disney Minnie's Bow-Toons (Shorts),2011
Disney Stuck In The Middle,2015
Disney Take Two With Phineas And Ferb (Shorts),2010
Disney Tangled: The Series - Short Cuts,2016
Disney Under The Sea: A Descendants Short Story,2018
Disney's Adventures Of The Gummi Bears,1985
Disney's Doug,1996
Disney's Fairy Tale Weddings,2017
Disney's Fairy Tale Weddings: Holiday Magic,2017
Disney's Hercules: The Animated Series,1998
Disney's Kim Possible,2001
Disney's Little Einsteins,2005
Disney's Mighty Ducks,1996
Disney's Recess,1997
Disney's The Emperor's New School,2005
Disney's The Kid,2000
Disney's The Little Mermaid (Series),1992
Disneyland Around the Seasons (Walt Disney's Wonderful World of Color: 1961-69),1966
Disneynature African Cats,2011
Disneynature Bears,2014
Disneynature Born in China,2017
Disneynature Chimpanzee,2012
Disneynature Crimson Wing,2008
Disneynature Monkey Kingdom,2015
Disneynature Wings of Life,2011
Dog Whisperer with Cesar Millan,2004
Don't Look Under the Bed,1999
Donald's Golf Game,1938
Donald's Tire Trouble,1943
Double Teamed,2002
Doug's 1st Movie,1999
"Dr. T, Lone Star Vet",2019
DuckTales The Movie: Treasure of the Lost Lamp,1990
Dug's Special Mission,2009
Dumbo,2019
Early to Bed,1941
Earth Live,2017
Easter Island Unsolved,2018
Eddie's Million Dollar Cook-off,2003
Eight Below,2006
Elena of Avalor (Shorts),2017
Emil and the Detectives,1964
Empire of Dreams: The Story of the Star Wars Trilogy,2004
Encore!,2019
Escape to Witch Mountain,1975
Even Stevens,2000
Expedition Mars: Spirit & Opportunity,2019
Fantasia,1940
Fantasia 2000,2000
Fantastic Four (Series),1994
Fantastic Four: World's Greatest Heroes,2007
Ferdinand the Bull,1938
Finding Dory,2016
Finding Nemo,2003
First Kid,1996
Flight of the Navigator,1986
Float,2019
Flowers and Trees,1932
Flubber,1997
Food for Feudin',1950
For the Birds,2001
Forky Asks a Question: What is Money?,2019
Frank and Ollie,1995
Frankenweenie (Short),1984
Freaky Friday,2003
Free Solo,2018
Frenemies,2012
Frozen,2013
Full-Court Miracle,2003
Fun and Fancy Free,1947
Fuzzbucket,1986
Gargoyles,1994
Geek Charming,2011
Genius,1999
George & A.J.,2009
Geri's Game,1997
Get a Clue,2002
Giants of the Deep Blue,2018
Girl Meets World,2013
Go Figure,2005
Going to the Mat,2004
Good Luck Charlie,2009
"Good Luck Charlie, It's Christmas!",2011
Goof Troop,1992
Gotta Kick it Up,2002
Grand Canyonscope,1954
Grasshopper and the Ants,1934
Great Migrations,2010
Greyfriars Bobby,1961
Gus,1976
Halloweentown,1998
Halloweentown High,2004
Halloweentown II: Kalabar's Revenge,2001
Handy Manny,2006
Hannah Montana,2005
Hannah Montana and Miley Cyrus: Best of Both Worlds Concert,2008
Hannah Montana The Movie,2009
Hatching Pete,2009
Hawaiian Holiday,1937
Heavyweights,1995
Herbie Goes Bananas,1980
Herbie Goes to Monte Carlo,1977
Herbie Rides Again,1974
Hercules,1997
High School Musical,2006
High School Musical 2,2007
High School Musical 3: Senior Year,2008
High School Musical: The Musical: The Series,2019
Hocus Pocus,1993
Home on the Range,2004
"Honey, I Blew Up the Kid",1992
"Honey, I Shrunk the Kids",1989
"Honey, We Shrunk Ourselves",1997
Horse Sense,1999
Hostile Planet,2019
Hounded,2001
How Dogs Got Their Shapes,2016
How to Build a Better Boy,2014
How to Fish,1942
How to Swim,1942
Hulk and the Agents of S.M.A.S.H.,2012
I'll Be Home for Christmas,1998
Ice Age: The Great Egg-Scapade,2016
Ice Princess,2005
Inner Workings,2016
Inside Out,2015
Inspector Gadget,1999
Inspector Gadget 2,2003
Into the Grand Canyon,2019
Into the Okavango,2018
Invincible,2006
Invisible Sister,2015
Iron Man (Series),1994
Iron Man Armored Adventures,2008
Iron Will,1994
Jack,1996
Jack-Jack Attack,2005
James and the Giant Peach,1996
Jane,2017
Jessie,2011
Jingle Pols,2013
Johnny Kapahala: Back on Board,2007
Johnny Tsunami,1999
Jonas Brothers: The Concert Experience,2009
Journey to Shark Eden,2010
Journey to the Center of the Earth,1959
Jump In!,2007
Jumping Ship,2001
Jungle 2 Jungle,1997
Jungle Cat,1960
Kazaam,1996
Kickin' It,2010
Kim Possible,2019
Kim Possible Movie: So the Drama,2005
Kingdom of the Apes: Battle Lines,2017
Kingdom of the Blue Whale,2009
Kingdom of the White Wolf,2019
Kitbull,2019
Knick Knack Theatrical Short,2003
Kronk's New Groove,2005
La Luna,2012
Lab Rats,2011
Lady and the Tramp,2019
Lava,2015
LEGO Disney Frozen: Northern Lights (Shorts),2016
LEGO Star Wars: All Stars,2018
LEGO Star Wars: All Stars (Shorts),2018
LEGO Star Wars: Droid Tales,2014
LEGO Star Wars: Resistance Rises (Shorts),2015
LEGO Star Wars: The Freemaker Adventures,2015
LEGO Star Wars: The Freemaker Adventures (Shorts),2016
LEGO Star Wars: The New Yoda Chronicles - Clash of the Skywalkers,2014
LEGO Star Wars: The New Yoda Chronicles - Raid on Coruscant,2014
LEGO Star Wars: The New Yoda Chronicles – Duel of the Skywalkers,2014
LEGO Star Wars: The New Yoda Chronicles – Escape from the Jedi Temple,2014
LEGO Star Wars: The New Yoda Chronicles – Race for the Holocrons,2014
Lemonade Mouth,2011
Lend a Paw,1941
Leroy & Stitch,2006
Let it Shine,2012
Life is Ruff,2005
Life With Mikey,1993
Life-Size 2,2018
Lifted,2006
Lilo & Stitch,2002
Lilo & Stitch 2: Stitch Has a Glitch,2005
Lizzie McGuire,2000
Lonesome Ghosts,1937
Lost Treasures of the Maya,2018
Lou,2017
Luck of the Irish,2001
Luxo Jr.,1986
Magician Mickey,1937
Mail Dog,1947
Man Among Cheetahs,2017
Mars: Inside SpaceX,2018
Marvel Comics X-Men,1992
Marvel Rising: Initiation (Shorts),2017
Marvel Rising: Secret Warriors,2018
Marvel Studios: Assembling A Universe,2014
Marvel Studios: Expanding the Universe,2019
Marvel Studios' Ant-Man,2015
Marvel Studios' Avengers: Age of Ultron,2015
Marvel Studios' Avengers: Endgame,2019
Marvel Studios' Captain America: Civil War,2016
Marvel Studios' Captain America: The First Avenger,2011
Marvel Studios' Captain America: The Winter Soldier,2014
Marvel Studios' Captain Marvel,2019
Marvel Studios' Doctor Strange,2016
Marvel Studios' Guardians of the Galaxy,2014
Marvel Studios' Guardians of the Galaxy Vol. 2,2017
Marvel Studios' Iron Man,2008
Marvel Studios' Iron Man 2,2010
Marvel Studios' Iron Man 3,2013
Marvel Studios' The Avengers,2012
Marvel Studios' Thor,2011
Marvel Studios' Thor: The Dark World,2013
Marvel Ultimate Spider-Man,2011
Marvel's Agent Carter,2014
Marvel's Ant-Man (Shorts),2016
Marvel's Avengers Assemble,2012
Marvel's Avengers: Secret Wars (Shorts),2016
Marvel's Guardians of the Galaxy (Series),2015
Marvel's Guardians of the Galaxy (Shorts),2014
Marvel's Hero Project,2019
Marvel's Inhumans,2017
Marvel's Rocket & Groot (Shorts),2016
Marvel's Ultimate Comics,2016
Mary Poppins,1964
Mater and the Ghostlight,2006
Meet the Deedles,1998
Meet the Robinsons,2007
Melody Time,1948
Mickey Down Under,1948
Mickey Mouse (Shorts),2012
Mickey Mouse Club (1955-59),1955
"Mickey, Donald, Goofy: The Three Musketeers",2004
Mickey's Birthday Party,1942
Mickey's Christmas Carol,1983
Mickey's Delayed Date,1947
Mickey's Once Upon a Christmas,1999
Mickey's Rival,1936
Mickey's Trailer,1938
Mickey's Twice Upon a Christmas,2004
Mighty Joe Young,1998
Mike's New Car,2002
Minutemen,2008
Miracle,2004
Miracle at Midnight,1998
Miracle in Lane 2,2000
Miracle Landing on the Hudson,2014
Mission to the Sun,2018
Moana,2016
Mom's Got a Date With a Vampire,2000
Monsters University,2013
"Monsters, Inc.",2001
Motocrossed,2001
Mr. Boogedy,1986
Mr. Duck Steps Out,1940
Mr. Mouse Takes a Trip,1940
Mulan II,2005
Muppet Moments (Shorts),2014
Muppet Treasure Island,1996
Muppets Most Wanted,2014
My Favorite Martian,1999
My Friends Tigger & Pooh,2006
National Treasure: Book of Secrets,2007
Newsies,1992
Newsies: The Broadway Musical,2017
Noelle,2019
Now You See It,2005
Olaf's Frozen Adventure,2017
Old Yeller,1957
Oliver & Company,1988
Once Upon a Mattress,2005
One Magic Christmas,1985
One Man Band,2006
Operation Dumbo Drop,1995
Origins: The Journey of Humankind,2016
Out of the Box,1998
Paris To Pittsburgh,2018
Partly Cloudy,2009
Party Central,2014
Perri,1957
Pete's Dragon,2016
Peter Pan,1953
Peter Pan: Return to Never Land,2002
Phantom of the Megaplex,2000
Phil of the Future,2003
Phineas and Ferb,2007
Phineas and Ferb the Movie: Across the 2nd Dimension,2011
Phineas and Ferb: Mission Marvel,2013
Piglet's Big Movie,2003
Pinocchio,1940
Piper,2016
Pirates of the Caribbean: At World's End,2007
Pirates of the Caribbean: Dead Man's Chest,2006
Pirates of the Caribbean: The Curse of the Black Pearl,2003
Pixar In Real Life,2019
Pixel Perfect,2004
Planet of the Birds,2018
Pluto and the Gopher,1950
Pluto's Christmas Tree,1952
Pluto's Surprise Package,1949
Pluto's Sweater,1949
Pocahontas,1995
Pocahontas II: Journey to a New World,1998
Pollyanna,1960
Pooh's Grand Adventure: The Search for Christopher Robin,1997
Pooh's Heffalump Movie,2005
Presto,2008
Princess Protection Program,2009
Purl,2019
Quack Pack,1996
Queen of Katwe,2016
Quints,2000
Ratatouille,2007
Read It and Weep,2006
Ready to Run,2000
Recess: All Growed Down,2003
Recess: School's Out,2001
Recess: Taking the 5th Grade,2003
Red's Dream,1987
Remember the Titans,2000
Rescue Dog,1947
Return from Witch Mountain,1978
Return to Halloweentown,2006
Return to Oz,1985
Richie Rich's Christmas Wish,1998
Right on Track,2003
Riley’s First Date?,2015
Rip Girls,2000
Robin Hood,1973
Rocky Mountain Animal Rescue,2018
Rogue One: A Star Wars Story,2016
Roving Mars,2006
Ruby Bridges,1998
Sacred Planet,2004
Saludos Amigos,1943
"Sammy, The Way-Out Seal",1962
Sanjay's Super Team,2015
Santa Paws 2: The Santa Pups,2012
Santa's Workshop,1932
Saving Mr. Banks,2013
Science Fair,2018
Sea of Hope: America's Underwater Treasures,2017
Secret of The Wings,2012
Secretariat,2010
Secrets of Christ's Tomb: Explorer Special,2017
Secrets of Life,1956
Secrets of the King Cobra,2012
Shake It Up,2010
Sharks of Lost Island,2013
Sharpay's Fabulous Adventure,2011
Shipwrecked,1991
Silver Surfer,1997
Simpsons Movie,2007
Sister Act,1992
Sister Act 2: Back in the Habit,1993
Skyrunners,2009
Sleeping Beauty,1959
Smart House,1999
Smash and Grab,2019
Snow White and The Seven Dwarfs,1937
Snowball Express,1972
Snowglobe,2007
So Weird,1999
Society Dog Show,1939
Spider-Man (Shorts),2016
Spider-Man and His Amazing Friends,1982
Spider-Man Unlimited,1999
Spider-Woman,1979
Star Wars Forces of Destiny (Shorts),2016
Star Wars Rebels,2014
Star Wars Rebels (Shorts),2014
Star Wars: A New Hope (Episode IV),1977
Star Wars: Attack of the Clones (Episode II),2002
Star Wars: Blips,2019
Star Wars: Return of the Jedi (Episode VI),1983
Star Wars: Revenge of the Sith (Episode III),2005
Star Wars: The Empire Strikes Back (Episode V),1980
Star Wars: The Force Awakens (Episode VII),2015
Star Wars: The Phantom Menace (Episode I),1999
Starstruck,2010
Steamboat Willie,1928
Stepsister from Planet Weird,2000
Stitch! The Movie,2003
Stonehenge Decoded: Secrets Revealed,2008
Stuck in the Suburbs,2004
Sultan and the Rock Star,1980
Super Buddies,2013
Swiss Family Robinson,1940
TaleSpin,1990
Tall Tale,1995
Tangled,2010
Tangled Before Ever After,2017
Tarzan & Jane,2002
Teacher's Pet,2004
Teen Beach 2,2015
Teen Beach Movie,2013
Teen Spirit,2011
That Darn Cat,1997
That Darn Cat!,1965
The Absent-Minded Professor,1961
The Adventures of André & Wally B.,1984
The Adventures of Bullwhip Griffin,1967
The Adventures of Huck Finn,1993
The Adventures of Ichabod and Mr. Toad,1949
The Adventures of Spin and Marty,1955
The African Lion,1955
The Apple Dumpling Gang,1975
The Apple Dumpling Gang Rides Again,1979
The Aristocats,1970
The Art of Skiing,1941
The Avengers: Earth's Mightiest Heroes,2010
The Avengers: United They Stand,1999
The Band Concert,1935
The Bears and I,1974
The Big Bad Wolf,1934
The Biscuit Eater,1972
The Black Cauldron,1985
The Black Hole,1979
The Blue Umbrella,2013
The Book of Once Upon a Time,2014
The Book of Pooh,2000
The Brave Little Toaster Goes to Mars,1998
The Castaway Cowboy,1974
The Cheetah Girls,2003
The Cheetah Girls 2,2006
The Cheetah Girls: One World,2008
The Christmas Star,1986
The Chronicles of Narnia: Prince Caspian,2008
"The Chronicles of Narnia: The Lion, the Witch and the Wardrobe",2005
The Color of Friendship,2000
The Computer Wore Tennis Shoes,1969
The Country Bears,2002
The Emperor's New Groove,2000
The Even Stevens Movie,2003
The Flood,2018
The Fox and the Hound,1981
The Fox and the Hound 2,2006
The Game Plan,2007
The Ghosts of Buxley Hall,1980
The Goddess of Spring,1934
The Golden Touch,1935
The Good Dinosaur,2015
The Great Muppet Caper,1981
The Greatest Game Ever Played,2005
The Haunted Mansion,2003
The Hockey Champ,1939
The Hunchback of Notre Dame,1996
The Hunchback of Notre Dame II,2002
The Imagineering Story,2019
The Incredible Journey,1963
The Incredibles,2004
The Journey of Natty Gann,1985
The Jungle Book 2,2003
The Jungle Book: Mowgli's Story,1998
The Legend of Mor'du,2012
The Lion King 1 1/2,2004
The Lion King 2: Simba's Pride,1998
The Little Mermaid,1989
The Little Mermaid II:  Return to the Sea,2000
The Little Mermaid:  Ariel's Beginning,2008
The Little Whirlwind,1941
The Living Desert,1953
The Lizzie McGuire Movie,2003
The Lost Tomb of Alexander the Great,2019
The Love Bug (1969),1969
The Many Adventures of Winnie the Pooh,1977
The Million Dollar Duck,1971
The Mistle-Tones,2012
The Muppet Christmas Carol,1992
The Muppet Movie,1979
The Muppets,2011
The Muppets (Series),2015
The New Adventures of Winnie the Pooh,1988
The Old Mill,1937
The Olympic Champ,1942
The Parent Trap,1998
The Parent Trap (1961),1961
The Pied Piper,1933
The Plausible Impossible (Disneyland: 1954-58),1956
The Poof Point,2001
The Prince and the Pauper,1962
The Princess and the Frog,2009
The Princess Diaries,2001
The Princess Diaries 2: Royal Engagement,2004
The Proud Family Movie,2005
The Reluctant Dragon,1941
The Replacements,2006
The Rescuers,1977
The Rescuers Down Under,1990
The Rookie,2002
The Santa Clause,1994
The Santa Clause 2,2002
The Santa Clause 3: The Escape Clause,2006
The Scream Team,2002
The Secret of the Magic Gourd,2009
The Shaggy D.A.,1976
The Shaggy Dog,1959
The Sign of Zorro,1960
The Simple Things,1953
The Sound of Music,1965
The Story of Robin Hood And His Merrie Men,1952
The Strongest Man in the World,1975
The Suite Life Movie,2011
The Suite Life of Zack & Cody,2004
The Suite Life On Deck,2008
The Swap,2016
The Thirteenth Year,1999
The Three Caballeros,1945
The Three Musketeers,1993
The Tigger Movie,2000
The Tortoise and the Hare,1935
The Ugly Dachshund,1966
The Ugly Duckling,1939
The Ultimate Christmas Present,2000
The Vanishing Prairie,1954
The Wild,2006
The Wise Little Hen,1934
The Wizards Return: Alex vs. Alex,2013
The World According to Jeff Goldblum,2019
The Young Black Stallion,2003
Three Blind Mouseketeers,1936
Three Days,2001
Three Little Pigs,1933
Three Little Wolves,1936
Three Men and a Baby,1987
Three Men and a Little Lady,1990
Thru the Mirror,1936
Tiger Cruise,2004
Tim Burton’s The Nightmare Before Christmas,1993
Timon & Pumbaa,1995
Tin Toy,1988
Tinker Bell,2008
Tinker Bell and the Great Fairy Rescue,2010
Tinker Bell and the Lost Treasure,2009
Titanic: 20 Years Later With James Cameron,2017
Toby Tortoise Returns,1936
Tom and Huck,1995
Toy Story,1995
Toy Story 2,1999
Toy Story 3,2010
Toy Story Toons: Hawaiian Vacation,2011
Toy Story Toons: Partysaurus Rex,2012
Toy Story Toons: Small Fry,2011
Trail of the Panda,2009
Trailer Horn,1950
Treasure Island,1950
Treasure of Matecumbe,1976
Treasure Planet,2002
Tree Climbing Lions,2018
Tron,1982
Tru Confessions,2002
Tuck Everlasting,2002
Tugboat Mickey,1940
Twas the Night,2001
Twitches,2005
Twitches Too,2007
Unidentified Flying Oddball,1979
Up,2009
"Up, Up and Away",2000
Valiant,2005
Waking Sleeping Beauty,2010
WALL-E,2008
Wendy Wu: Homecoming Warrior,2006
Whispers: An Elephant's Tale,2000
White Fang,1991
Who Framed Roger Rabbit,1988
Wild Yellowstone,2015
Winged Seduction: Birds of Paradise,2012
Winnie the Pooh,2011
Winnie the Pooh: A Very Merry Pooh Year,2002
Winnie the Pooh: Springtime with Roo,2004
Winter Storage,1949
Wizards of Waverly Place,2007
Wizards of Waverly Place: The Movie,2009
Wolverine and The X-Men,2008
World's Greatest Dogs,2015
Wreck-It Ralph,2012
X-Men: Evolution,2000
Ye Olden Days,1933
Yellowstone Cubs,1963
You Lucky Dog,1998
You Wish!,2003
Your Friend the Rat,2007
Z-O-M-B-I-E-S,2018
Zapped,2014
Zenon: Girl of the 21st Century,1999
Zenon: The Zequel,2001
Zenon: Z3,2004
Zootopia,2016
Bedknobs and Broomsticks,1971
Blackbeard's Ghost,1968
Brave Little Tailor,1938
Justin Morgan had a Horse,1972
Lady and the Tramp II: Scamp's Adventure,2001
Smart Guy,1996
The Cat from Outer Space,1978
The Great Mouse Detective,1986
The Sword in the Stone,1963
Those Calloways,1965
Disney Kirby Buckets,2014
Disney Mech-X4,2016
Imagination Movers,2008
Tomorrowland,2015
Aquamarine,2006
Ice Age: Dawn Of The Dinosaurs,2009
X-Men Origins: Wolverine,2009
Night at the Museum: Battle of the Smithsonian,2009
Eddie the Eagle,2016
Bend It Like Beckham,2003
Captain Sparky vs. The Flying Saucers,2012
